-- --------------------------------------------------------
-- 호스트:                          k3b202.p.ssafy.io
-- 서버 버전:                        10.5.6-MariaDB-1:10.5.6+maria~focal - mariadb.org binary distribution
-- 서버 OS:                        debian-linux-gnu
-- HeidiSQL 버전:                  11.0.0.5919
-- --------------------------------------------------------

/*!40101 SET @OLD_CHARACTER_SET_CLIENT=@@CHARACTER_SET_CLIENT */;
/*!40101 SET NAMES utf8 */;
/*!50503 SET NAMES utf8mb4 */;
/*!40014 SET @OLD_FOREIGN_KEY_CHECKS=@@FOREIGN_KEY_CHECKS, FOREIGN_KEY_CHECKS=0 */;
/*!40101 SET @OLD_SQL_MODE=@@SQL_MODE, SQL_MODE='NO_AUTO_VALUE_ON_ZERO' */;


-- HearIAm 데이터베이스 구조 내보내기
CREATE DATABASE IF NOT EXISTS `HearIAm` /*!40100 DEFAULT CHARACTER SET utf8mb4 */;
USE `HearIAm`;

-- 테이블 HearIAm.alarm 구조 내보내기
CREATE TABLE IF NOT EXISTS `alarm` (
  `num` bigint(20) NOT NULL DEFAULT 0,
  `mentor` bigint(20) NOT NULL DEFAULT 1,
  KEY `num` (`num`),
  CONSTRAINT `conRoom_num` FOREIGN KEY (`num`) REFERENCES `con_room` (`num`) ON DELETE CASCADE ON UPDATE CASCADE
) ENGINE=InnoDB DEFAULT CHARSET=utf8mb4;

-- 테이블 데이터 HearIAm.alarm:~0 rows (대략적) 내보내기
/*!40000 ALTER TABLE `alarm` DISABLE KEYS */;
/*!40000 ALTER TABLE `alarm` ENABLE KEYS */;

-- 테이블 HearIAm.alarm_ready 구조 내보내기
CREATE TABLE IF NOT EXISTS `alarm_ready` (
  `num` bigint(20) NOT NULL AUTO_INCREMENT,
  `mentor` bigint(20) NOT NULL,
  PRIMARY KEY (`num`),
  KEY `alarm_mentor_ready` (`mentor`)
) ENGINE=InnoDB AUTO_INCREMENT=856 DEFAULT CHARSET=utf8mb4 COMMENT='멘토 알람 대기 테이블';

-- 테이블 데이터 HearIAm.alarm_ready:~0 rows (대략적) 내보내기
/*!40000 ALTER TABLE `alarm_ready` DISABLE KEYS */;
/*!40000 ALTER TABLE `alarm_ready` ENABLE KEYS */;

-- 테이블 HearIAm.center 구조 내보내기
CREATE TABLE IF NOT EXISTS `center` (
  `num` bigint(20) NOT NULL AUTO_INCREMENT,
  `name` varchar(1000) NOT NULL DEFAULT '0',
  `phone` varchar(1000) NOT NULL DEFAULT '0',
  `lat` double NOT NULL DEFAULT 0,
  `lon` double NOT NULL DEFAULT 0,
  `address` varchar(1000) NOT NULL DEFAULT '0',
  PRIMARY KEY (`num`)
) ENGINE=InnoDB AUTO_INCREMENT=245 DEFAULT CHARSET=utf8mb4;

-- 테이블 데이터 HearIAm.center:~244 rows (대략적) 내보내기
/*!40000 ALTER TABLE `center` DISABLE KEYS */;
INSERT IGNORE INTO `center` (`num`, `name`, `phone`, `lat`, `lon`, `address`) VALUES
	(1, '양천구청소년상담복지센터', '02-2646-8341', 126.8833551, 37.54385511, '서울특별시 양천구 목동 143-23\r'),
	(2, '의정부시청소년상담복지센터', '031-872-1388', 127.0476724, 37.70582618, '경기도 의정부시 호원동 465-6\r'),
	(3, '화성시청소년상담복지센터', '031-225-0924', 126.9242567, 37.13754433, '경기도 화성시 향남읍 도이리 668\r'),
	(4, '포천시청소년상담복지센터', '031-536-1388', 127.2017746, 37.8949004, '경기도 포천시 신읍동 33-4\r'),
	(5, '수원시청소년상담복지센터', '031-218-0446', 127.0347871, 37.27525246, '경기도 수원시 팔달구 인계동 324-1\r'),
	(6, '수원시청소년상담복지센터', '031-278-6862', 126.9458381, 37.27647964, '경기도 수원시 권선구 금곡동 1074\r'),
	(7, '수원시청소년상담복지센터', '031-271-2654', 126.9820461, 37.2988313, '경기도 수원시 장안구 천천동 511-3\r'),
	(8, '수원시청소년상담복지센터', '031-242-1318', 126.9992675, 37.29492695, '경기도 수원시 장안구 정자동 28-7\r'),
	(9, '양산시청소년상담복지센터', '055-367-1318', 129.155757, 35.38986898, '경상남도 양산시 주진동 산 63-15\r'),
	(10, '양주시청소년상담복지센터', '031-858-1318', 127.0884916, 37.83543221, '경기도 양주시 옥정동 943\r'),
	(11, '수원시청소년상담복지센터', '031-215-1318', 127.0696347, 37.25276158, '경기도 수원시 영통구 영통동 961-7\r'),
	(12, '용인시청소년상담복지센터', '031-266-9301', 127.0974472, 37.32222161, '경기도 용인시 수지구 풍덕천동 720\r'),
	(13, '김해시청소년상담복지센터', '055-330-7920', 128.8209437, 35.17260495, '경상남도 김해시 율하동 1377\r'),
	(14, '남양주시청소년상담복지센터', '031-590-8979', 127.1898614, 37.72632699, '경기도 남양주시 진접읍 장현리 68-39\r'),
	(15, '김해시청소년상담복지센터', '055-325-2000', 128.878384, 35.24205033, '경상남도 김해시 구산동 93-4\r'),
	(16, '양산시청소년상담복지센터', '055-372-2000', 129.0326396, 35.34202645, '경상남도 양산시 중부동 727\r'),
	(17, '화성시청소년상담복지센터', '031-225-1318', 127.0328091, 37.20306754, '경기도 화성시 병점동 734\r'),
	(18, '용인시청소년상담복지센터', '031-324-9300', 127.1779685, 37.24086691, '경기도 용인시 처인구 삼가동 556\r'),
	(19, '남양주시청소년상담복지센터', '031-590-8097', 127.1781182, 37.60893688, '경기도 남양주시 이패동 715-12\r'),
	(20, '의정부시청소년상담복지센터', '031-872-1388', 127.0339331, 37.73541492, '경기도 의정부시 의정부동 352\r'),
	(21, '포천시청소년상담복지센터', '031-533-1318', 127.1287878, 37.82155856, '경기도 포천시 소흘읍 이동교리 193-1\r'),
	(22, '남양주시청소년상담복지센터', '031-590-8403', 127.3007107, 37.65784748, '경기도 남양주시 화도읍 마석우리 548\r'),
	(23, '수원시청소년상담복지센터', '031-236-1318', 127.0232597, 37.25114955, '경기도 수원시 권선구 권선동 1190\r'),
	(24, '수원시청소년상담복지센터', '031-216-8354', 127.0529464, 37.28590478, '경기도 수원시 영통구 이의동 1342\r'),
	(25, '양주시청소년상담복지센터', '031-858-1318', 127.0847478, 37.79168846, '경기도 양주시 광사동 659\r'),
	(26, '서귀포시청소년상담복지센터', '064-763-9191', 126.5615335, 33.25300958, '제주특별자치도 서귀포시 서귀동 336\r'),
	(27, '제주특별자치도청소년상담복지센터', '064-759-9951', 126.5326609, 33.49367195, '제주특별자치도 제주시 이도이동 1022-13\r'),
	(28, '제주시청소년상담복지센터', '064-725-7999', 126.4802929, 33.49090826, '제주특별자치도 제주시 노형동 1047-5\r'),
	(29, '광산구청소년상담복지센터', '062-943-1388', 126.8044628, 35.16350337, '광주광역시 광산구 우산동 1577-1\r'),
	(30, '광주서구청소년상담복지센터', '062-375-1388', 126.8817095, 35.13503165, '광주광역시 서구 풍암동 423-2\r'),
	(31, '광주광역시청소년상담복지센터', '062-226-8181', 126.8534217, 35.15202206, '광주광역시 서구 치평동 1240-6\r'),
	(32, '광주남구청소년상담복지센터', '062-675-1388', 126.8984475, 35.12120704, '광주광역시 남구 진월동 258-8\r'),
	(33, '광주동구청소년상담복지센터', '062-229-3308', 126.9181406, 35.14787093, '광주광역시 동구 금남로1가 19-4\r'),
	(34, '광주북구청소년상담복지센터', '062-251-1388', 126.916687, 35.18491836, '광주광역시 북구 문흥동 1009-1\r'),
	(35, '여수시청소년상담복지센터', '061-663-2000', 127.7393442, 34.74046236, '전라남도 여수시 고소동 636-4\r'),
	(36, '고흥군청소년상담복지센터', '061-834-1317', 127.2889119, 34.60988686, '전라남도 고흥군 고흥읍 남계리 684-7\r'),
	(37, '보성군청소년상담복지센터', '061-853-1388', 127.0881285, 34.77781585, '전라남도 보성군 보성읍 보성리 351\r'),
	(38, '장흥군청소년상담복지센터', '061-863-1318', 126.9066157, 34.6751802, '전라남도 장흥군 장흥읍 건산리 761-2\r'),
	(39, '강진군청소년상담복지센터', '061-432-1388', 126.7706771, 34.63747915, '전라남도 강진군 강진읍 남성리 24-7\r'),
	(40, '완도군청소년상담복지센터', '061-554-1318', 126.7432552, 34.32276558, '전라남도 완도군 완도읍 가용리 1054-1\r'),
	(41, '해남군청소년상담복지센터', '061-537-1388', 126.6020705, 34.5730076, '전라남도 해남군 해남읍 수성리 42-1\r'),
	(42, '진도군청소년상담복지센터', '061-544-5122', 126.2687592, 34.47928854, '전라남도 진도군 진도읍 동외리 1189\r'),
	(43, '신안군청소년상담복지센터', '061-240-8703', 126.351425, 34.83360226, '전라남도 신안군 압해읍 신장리 462-10\r'),
	(44, '목포시청소년상담복지센터', '061-272-2440', 126.42872, 34.80593959, '전라남도 목포시 옥암동 992-19\r'),
	(45, '전라남도청소년상담복지센터', '061-280-9001', 126.4680118, 34.81752813, '전라남도 무안군 삼향읍 남악리 1442\r'),
	(46, '무안군청소년상담복지센터', '061-454-5284', 126.449166, 35.00081192, '전라남도 무안군 현경면 양학리 3-1\r'),
	(47, '영암군청소년상담복지센터', '061-471-8375', 126.6954446, 34.79443099, '전라남도 영암군 영암읍 교동리 69\r'),
	(48, '나주시청소년상담복지센터', '061-334-1388', 126.7262316, 35.02881749, '전라남도 나주시 죽림동 60-172\r'),
	(49, '화순군청소년상담복지센터', '061-375-7442', 126.991754, 35.06551244, '전라남도 화순군 화순읍 신기리 405-2\r'),
	(50, '순천시청소년상담복지센터', '061-745-1388', 127.5215708, 34.94226549, '전라남도 순천시 연향동 232-1\r'),
	(51, '광양시청소년상담복지센터', '061-795-1388', 127.6908789, 34.93726035, '전라남도 광양시 중동 1658\r'),
	(52, '구례군청소년상담복지센터', '061-782-0884', 127.4705235, 35.20663392, '전라남도 구례군 구례읍 봉동리 115-3\r'),
	(53, '곡성군청소년상담복지센터', '061-363-9584', 127.1367513, 35.27527521, '전라남도 곡성군 옥과면 리문리 205\r'),
	(54, '담양군청소년상담복지센터', '061-381-1386', 126.9821662, 35.32035743, '전라남도 담양군 담양읍 담주리 87-5\r'),
	(55, '장성군청소년상담복지센터', '061-817-1388', 126.7678846, 35.30226683, '전라남도 장성군 장성읍 기산리 388\r'),
	(56, '함평군청소년상담복지센터', '061-323-1324', 126.5192658, 35.06509312, '전라남도 함평군 함평읍 기각리 893\r'),
	(57, '영광군청소년상담복지센터', '061-353-1388', 126.5123931, 35.27258673, '전라남도 영광군 영광읍 도동리 107-96\r'),
	(58, '고창군청소년상담복지센터', '063-563-6792', 126.722028, 35.43236983, '전라북도 고창군 고창읍 월암리 316\r'),
	(59, '부안군청소년상담복지센터', '063-583-8772', 126.7322311, 35.73131892, '전라북도 부안군 부안읍 서외리 230-1\r'),
	(60, '정읍시청소년상담복지센터', '063-531-3000', 126.8445907, 35.57436542, '전라북도 정읍시 연지동 338-36\r'),
	(61, '순창군청소년상담복지센터', '063-653-4646', 127.1265513, 35.37186974, '전라북도 순창군 순창읍 교성리 233-1\r'),
	(62, '임실군청소년상담복지센터', '063-644-1388', 127.2798057, 35.61522323, '전라북도 임실군 임실읍 이도리 745-1\r'),
	(63, '남원시청소년상담복지센터', '063-635-1388', 127.38413, 35.41295688, '전라북도 남원시 동충동 231-1\r'),
	(64, '장수군청소년상담복지센터', '063-351-5161', 127.5181098, 35.64111334, '전라북도 장수군 장수읍 두산리 467\r'),
	(65, '무주군청소년상담복지센터', '063-323-7717', 127.6634521, 36.0016451, '전라북도 무주군 무주읍 당산리 1094-1\r'),
	(66, '진안군청소년상담복지센터', '063-433-2377', 127.4264707, 35.78825747, '전라북도 진안군 진안읍 군하리 233\r'),
	(67, '완주군청소년상담복지센터', '063-291-7373', 127.0825843, 35.91801603, '전라북도 완주군 삼례읍 삼례리 288\r'),
	(68, '전주시청소년상담복지센터', '063-236-1388', 127.1203191, 35.80599015, '전라북도 전주시 완산구 효자동1가 545-3\r'),
	(69, '전라북도청소년상담복지센터', '063-276-6291', 127.1386638, 35.83153204, '전라북도 전주시 덕진구 진북동 366-1\r'),
	(70, '익산시청소년상담복지센터', '063-852-1388', 126.9597975, 35.94722149, '전라북도 익산시 남중동 86-1\r'),
	(71, '김제시청소년상담복지센터', '063-544-1377', 126.8961122, 35.80595658, '전라북도 김제시 검산동 1031\r'),
	(72, '군산시청소년상담복지센터', '063-466-1388', 126.7115401, 35.97536042, '전라북도 군산시 삼학동 786-16\r'),
	(73, '거제시청소년상담복지센터', '055-636-2000', 128.6303505, 34.89681554, '경상남도 거제시 고현동 1039-1\r'),
	(74, '통영시청소년상담복지센터', '055-644-2000', 128.4267757, 34.8248934, '경상남도 통영시 도남동 620\r'),
	(75, '고성군청소년상담복지센터', '055-673-6882', 128.309635, 34.97844375, '경상남도 고성군 고성읍 교사리 377\r'),
	(76, '진주시청소년상담복지센터', '055-744-2000', 128.0760826, 35.19114982, '경상남도 진주시 인사동 139-9\r'),
	(77, '사천시청소년상담복지센터', '055-835-4199', 128.082967, 34.935678, '경상남도 사천시 벌리동 504\r'),
	(78, '남해군청소년상담복지센터', '055-863-5279', 127.8904251, 34.83851671, '경상남도 남해군 남해읍 아산리 355\r'),
	(79, '하동군청소년상담복지센터', '055-883-3000', 127.7450788, 35.07182572, '경상남도 하동군 하동읍 읍내리 1198-1\r'),
	(80, '산청군청소년상담복지센터', '055-973-8423', 127.8737514, 35.40913855, '경상남도 산청군 산청읍 옥산리 724\r'),
	(81, '의령군청소년상담복지센터', '055-570-4972', 128.2570964, 35.31564477, '경상남도 의령군 의령읍 서동리 564-2\r'),
	(82, '함안군청소년상담복지센터', '055-583-0924', 128.4097681, 35.2738283, '경상남도 함안군 가야읍 말산리 162\r'),
	(83, '창원시진해청소년상담복지센터', '055-551-2000', 128.7101679, 35.13309901, '경상남도 창원시 진해구 풍호동 1\r'),
	(84, '창원시창원청소년상담복지센터', '055-273-2000', 128.6546365, 35.23007737, '경상남도 창원시 의창구 삼동동 294\r'),
	(85, '창원시마산청소년상담복지센터', '055-245-7941', 128.5903625, 35.24042035, '경상남도 창원시 마산회원구 합성동 93\r'),
	(86, '경상남도청소년상담복지센터', '055-711-1388', 128.6813227, 35.24977548, '경상남도 창원시 의창구 사림동 129-1\r'),
	(87, '밀양시청소년상담복지센터', '055-355-2000', 128.7581076, 35.48838526, '경상남도 밀양시 삼문동 707\r'),
	(88, '창녕군청소년상담복지센터', '055-532-2000', 128.5006169, 35.53726624, '경상남도 창녕군 창녕읍 교하리 36-1\r'),
	(89, '합천군청소년상담복지센터', '055-932-5499', 128.1599648, 35.56490491, '경상남도 합천군 합천읍 합천리 705-4\r'),
	(90, '거창군청소년상담복지센터', '055-941-2000', 127.9064208, 35.69278037, '경상남도 거창군 거창읍 가지리 256\r'),
	(91, '함양군청소년상담복지센터', '055-963-7922', 127.7222699, 35.52469308, '경상남도 함양군 함양읍 교산리 1044\r'),
	(92, '사하구청소년상담복지센터', '051-207-7169', 128.9756533, 35.10143327, '부산광역시 사하구 당리동 332\r'),
	(93, '부산서구청소년상담복지센터', '051-714-3013', 129.0096073, 35.12077418, '부산광역시 서구 서대신동3가 31-307\r'),
	(94, '영도구청소년상담복지센터', '051-405-5605', 129.0541447, 35.07446886, '부산광역시 영도구 동삼동 산 149-4\r'),
	(95, '부산남구청소년상담복지센터', '051-621-1389', 129.0917649, 35.13285361, '부산광역시 남구 대연동 984-20\r'),
	(96, '수영구청소년상담복지센터', '051-759-8413', 129.108866, 35.14258261, '부산광역시 수영구 남천동 18-25\r'),
	(97, '해운대구청소년상담복지센터', '051-731-4046', 129.1543792, 35.16149365, '부산광역시 해운대구 우동 656\r'),
	(98, '동래구청소년상담복지센터', '051-555-1388', 129.0855768, 35.22128946, '부산광역시 동래구 온천동 153-8\r'),
	(99, '부산광역시청소년상담복지센터', '051-804-5001', 129.0646358, 35.1580745, '부산광역시 부산진구 전포동 868\r'),
	(100, '부산진구청소년상담복지센터', '051-868-0956', 129.0718624, 35.17740032, '부산광역시 부산진구 양정동 260-5\r'),
	(101, '사상구청소년상담복지센터', '051-327-1388', 128.990403, 35.18266334, '부산광역시 사상구 모라동 1365-1\r'),
	(102, '북구청소년상담복지센터', '051-343-1388', 129.0053638, 35.20725795, '부산광역시 북구 구포동 610-1\r'),
	(103, '금정구청소년상담복지센터', '051-581-2084', 129.0953214, 35.23808312, '부산광역시 금정구 부곡동 200-62\r'),
	(104, '기장군청소년상담복지센터', '051-792-4880', 129.2105965, 35.24080326, '부산광역시 기장군 기장읍 대라리 1004\r'),
	(105, '울주군청소년상담복지센터', '052-263-1388', 129.3138641, 35.43474026, '울산광역시 울주군 온산읍 덕신리 36-7\r'),
	(106, '울주군청소년상담복지센터', '052-229-9636', 129.1227562, 35.56003445, '울산광역시 울주군 삼남면 교동리 299\r'),
	(107, '울산남구청소년상담복지센터', '052-291-1388', 129.3173057, 35.5390206, '울산광역시 남구 달동 637-10\r'),
	(108, '울산광역시청소년상담복지센터', '052-227-2000', 129.3213954, 35.55312166, '울산광역시 중구 성남동 255-1\r'),
	(109, '울산북구청소년상담복지센터', '052-283-1388', 129.3517895, 35.63141833, '울산광역시 북구 신천동 334-6\r'),
	(110, '울산동구청소년상담복지센터', '052-233-5279', 129.4251405, 35.54131569, '울산광역시 동구 서부동 449\r'),
	(111, '대구달성군청소년상담복지센터', '053-614-1388', 128.4550821, 35.72389326, '대구광역시 달성군 논공읍 남리 717-5\r'),
	(112, '달서구청소년상담복지센터', '053-638-1388', 128.5308773, 35.83213146, '대구광역시 달서구 월성동 273\r'),
	(113, '달서구청소년상담복지센터', '053-592-1377', 128.4984962, 35.85709105, '대구광역시 달서구 신당동 193-9\r'),
	(114, '대구남구청소년상담복지센터', '053-624-0996', 128.5890376, 35.8552891, '대구광역시 남구 대명동 1803-8\r'),
	(115, '수성구청소년상담복지센터', '053-759-1388', 128.6306763, 35.8593751, '대구광역시 수성구 범어동 405-16\r'),
	(116, '대구광역시청소년상담복지센터', '053-659-6240', 128.5901241, 35.86993308, '대구광역시 중구 종로1가 83-1\r'),
	(117, '대구중구청소년상담복지센터', '053-423-1377', 128.5898608, 35.87063075, '대구광역시 중구 상서동 23-1\r'),
	(118, '대구서구청소년상담복지센터', '053-562-1388', 128.5552256, 35.87774682, '대구광역시 서구 평리동 721-10\r'),
	(119, '대구북구청소년상담복지센터', '053-324-1388', 128.5524052, 35.93874409, '대구광역시 북구 읍내동 967-1\r'),
	(120, '대구동구청소년상담복지센터', '053-984-1319', 128.6509339, 35.88684806, '대구광역시 동구 검사동 990-198\r'),
	(121, '고령군청소년상담복지센터', '054-956-1383', 128.2630944, 35.7235757, '경상북도 고령군 대가야읍 지산리 308\r'),
	(122, '성주군청소년상담복지센터', '054-931-1398', 128.2711564, 35.92052475, '경상북도 성주군 성주읍 대흥리 4\r'),
	(123, '칠곡군청소년상담복지센터', '054-971-0418', 128.3972572, 35.99504575, '경상북도 칠곡군 왜관읍 왜관리 210-19\r'),
	(124, '김천시청소년상담복지센터', '054-435-1388', 128.0795726, 36.12646235, '경상북도 김천시 다수동 204-1\r'),
	(125, '구미시청소년상담복지센터', '054-443-1387', 128.3306659, 36.13045901, '경상북도 구미시 원평동 120-18\r'),
	(126, '군위군청소년상담복지센터', '054-382-1388', 128.5738975, 36.23709721, '경상북도 군위군 군위읍 동부리 155\r'),
	(127, '영천시청소년상담복지센터', '054-338-1388', 128.9221734, 35.97031118, '경상북도 영천시 교촌동 336-2\r'),
	(128, '경산시청소년상담복지센터', '053-812-1318', 128.7341079, 35.81841148, '경상북도 경산시 서상동 143-18\r'),
	(129, '청도군청소년상담복지센터', '054-373-1610', 128.7180081, 35.64836513, '경상북도 청도군 화양읍 동천리 457\r'),
	(130, '경주시청소년상담복지센터', '054-742-1388', 129.2161969, 35.85518219, '경상북도 경주시 황성동 1053-233\r'),
	(131, '포항시청소년상담복지센터', '054-252-0020', 129.395403, 36.07518227, '경상북도 포항시 북구 환호동 185\r'),
	(132, '청송군청소년상담복지센터', '054-872-7626', 129.0589377, 36.4299388, '경상북도 청송군 청송읍 금곡리 813\r'),
	(133, '의성군청소년상담복지센터', '054-834-7933', 128.704801, 36.35481225, '경상북도 의성군 의성읍 상리리 637\r'),
	(134, '상주시청소년상담복지센터', '054-535-3511', 128.1627928, 36.42981862, '경상북도 상주시 계산동 490\r'),
	(135, '문경시청소년상담복지센터', '054-556-1389', 128.1967586, 36.58992271, '경상북도 문경시 모전동 59-2\r'),
	(136, '예천군청소년상담복지센터', '054-654-9901', 128.4631514, 36.65643919, '경상북도 예천군 예천읍 동본리 434-1\r'),
	(137, '안동시청소년상담복지센터', '054-859-1318', 128.7227243, 36.55905645, '경상북도 안동시 옥야동 398-20\r'),
	(138, '경상북도청소년상담복지센터', '054-850-1000', 128.7220317, 36.5587987, '경상북도 안동시 옥야동 398-22\r'),
	(139, '영덕군청소년상담복지센터', '054-732-1318', 129.3620773, 36.42003433, '경상북도 영덕군 영덕읍 화개리 608\r'),
	(140, '울진군청소년상담복지센터', '054-781-0079', 129.4093592, 36.99720041, '경상북도 울진군 울진읍 연지리 754-8\r'),
	(141, '봉화군청소년상담복지센터', '054-674-1388', 128.7390613, 36.88788514, '경상북도 봉화군 봉화읍 내성리 197-1\r'),
	(142, '영주시청소년상담복지센터', '054-634-1318', 128.6254205, 36.82803281, '경상북도 영주시 영주동 22-3\r'),
	(143, '대전서구청소년상담복지센터', '042-527-1112', 127.3736809, 36.31688206, '대전광역시 서구 도마동 106-22\r'),
	(144, '대전광역시청소년상담복지센터', '042-257-2000', 127.4329049, 36.32699239, '대전광역시 동구 원동 85-5\r'),
	(145, '유성구청소년상담복지센터', '042-824-3454', 127.3237012, 36.38065922, '대전광역시 유성구 죽동 601-1\r'),
	(146, '서천군청소년상담복지센터', '041-953-4040', 126.6934285, 36.07680108, '충청남도 서천군 서천읍 군사리 578-2\r'),
	(147, '보령시청소년상담복지센터', '041-936-5710', 126.6000992, 36.35056403, '충청남도 보령시 대천동 618-225\r'),
	(148, '청양군청소년상담복지센터', '041-942-9596', 126.8006401, 36.45622018, '충청남도 청양군 청양읍 송방리 94-14\r'),
	(149, '부여군청소년상담복지센터', '041-836-1898', 126.9171099, 36.27924323, '충청남도 부여군 부여읍 동남리 9-9\r'),
	(150, '논산시청소년상담복지센터', '041-736-2041', 127.1062021, 36.19737014, '충청남도 논산시 지산동 459\r'),
	(151, '금산군청소년상담복지센터', '041-751-2007', 127.4921569, 36.11248112, '충청남도 금산군 금산읍 중도리 203-1\r'),
	(152, '공주시청소년상담복지센터', '041-856-1388', 127.1218213, 36.45410561, '충청남도 공주시 반죽동 350\r'),
	(153, '예산군청소년상담복지센터', '041-335-1388', 126.840892, 36.69957649, '충청남도 예산군 예산읍 석양리 298\r'),
	(154, '홍성군청소년상담복지센터', '041-634-4858', 126.6326475, 36.50492619, '충청남도 홍성군 광천읍 광천리 41\r'),
	(155, '태안군청소년상담복지센터', '041-674-2800', 126.313276, 36.75641954, '충청남도 태안군 태안읍 동문리 2\r'),
	(156, '서산시청소년상담복지센터', '041-669-2000', 126.4629541, 36.79246727, '충청남도 서산시 동문동 534\r'),
	(157, '당진시청소년상담복지센터', '041-357-2000', 126.6415432, 36.89312412, '충청남도 당진시 읍내동 38\r'),
	(158, '아산시청소년상담복지센터', '041-532-2000', 127.0042315, 36.78329066, '충청남도 아산시 온천동 94-6\r'),
	(159, '천안시청소년상담복지센터', '041-622-1388', 127.1494695, 36.80814815, '충청남도 천안시 동남구 문화동 135-1\r'),
	(160, '충청남도청소년상담복지센터', '041-554-2130', 127.1339371, 36.83562641, '충청남도 천안시 서북구 두정동 990\r'),
	(161, '세종특별자치시청소년상담복지센터', '044-867-2022', 127.2984149, 36.60171549, '세종특별자치시 조치원읍 원리 14\r'),
	(162, '영동군청소년상담복지센터', '043-744-5700', 127.7712386, 36.17659258, '충청북도 영동군 영동읍 부용리 399\r'),
	(163, '옥천군청소년상담복지센터', '043-731-1388', 127.5769145, 36.30654959, '충청북도 옥천군 옥천읍 문정리 424-1\r'),
	(164, '보은군청소년상담복지센터', '043-542-1388', 127.7236119, 36.48791347, '충청북도 보은군 보은읍 이평리 107-3\r'),
	(165, '청주시청소년상담복지센터', '043-275-1388', 127.488901, 36.63970007, '충청북도 청주시 상당구 북문로2가 114-14\r'),
	(166, '충청북도청소년상담복지센터', '043-258-2000', 127.4922651, 36.6345234, '충청북도 청주시 상당구 문화동 69-1\r'),
	(167, '서청주청소년상담복지센터', '043-297-1388', 127.4321959, 36.64736656, '충청북도 청주시 흥덕구 향정동 30-1\r'),
	(168, '괴산군청소년상담복지센터', '043-830-3826', 127.7860229, 36.81330257, '충청북도 괴산군 괴산읍 서부리 745\r'),
	(169, '증평군청소년상담복지센터', '043-835-4188', 127.5846015, 36.77383439, '충청북도 증평군 증평읍 내성리 61\r'),
	(170, '진천군청소년상담복지센터', '043-536-3430', 127.4386369, 36.85695074, '충청북도 진천군 진천읍 읍내리 468-7\r'),
	(171, '음성군청소년상담복지센터', '043-873-1318', 127.6913098, 36.93155916, '충청북도 음성군 음성읍 읍내리 366-17\r'),
	(172, '충주시청소년상담복지센터', '043-842-2007', 127.9269875, 36.96471727, '충청북도 충주시 호암동 562\r'),
	(173, '제천시청소년상담복지센터', '043-642-7949', 128.2123992, 37.15023268, '충청북도 제천시 청전동 661\r'),
	(174, '단양군청소년상담복지센터', '043-421-8370', 128.3640166, 36.97750669, '충청북도 단양군 단양읍 상진리 4-10\r'),
	(175, '원주시청소년상담복지센터', '033-744-1388', 127.9358704, 37.34029011, '강원도 원주시 단계동 909\r'),
	(176, '영월군청소년상담복지센터', '033-375-1318', 128.4591703, 37.17427086, '강원도 영월군 영월읍 하송리 56\r'),
	(177, '정선군청소년상담복지센터', '033-591-1313', 128.819397, 37.2285519, '강원도 정선군 사북읍 사북리 344-186\r'),
	(178, '태백시청소년상담복지센터', '033-582-1377', 129.043804, 37.12117334, '강원도 태백시 철암동 341-25\r'),
	(179, '삼척시청소년상담복지센터', '033-575-5033', 129.1575464, 37.43894383, '강원도 삼척시 성남동 165\r'),
	(180, '동해시청소년상담복지센터', '033-535-1388', 129.1125139, 37.52452236, '강원도 동해시 천곡동 802-6\r'),
	(181, '강릉시청소년상담복지센터', '033-655-1388', 128.8937181, 37.77209285, '강원도 강릉시 교동 2-21\r'),
	(182, '횡성군청소년상담복지센터', '033-344-1388', 127.9736495, 37.48821096, '강원도 횡성군 횡성읍 읍하리 260\r'),
	(183, '홍천군청소년상담복지센터', '033-433-1386', 127.8952773, 37.68987371, '강원도 홍천군 홍천읍 갈마곡리 491\r'),
	(184, '속초시청소년상담복지센터', '033-638-1388', 128.5384164, 38.19383243, '강원도 속초시 노학동 978\r'),
	(185, '춘천시청소년상담복지센터', '033-818-1388', 127.7547433, 37.85771655, '강원도 춘천시 동내면 거두리 1010\r'),
	(186, '강원도청소년상담복지센터', '033-256-9803', 127.72461, 37.88802812, '강원도 춘천시 소양로2가 182\r'),
	(187, '철원군청소년상담복지센터', '033-452-2000', 127.3023284, 38.14583633, '강원도 철원군 갈말읍 지포리 220\r'),
	(188, '인천서구청소년상담복지센터', '032-584-1388', 126.6593584, 37.51703378, '인천광역시 서구 원창동 93-5\r'),
	(189, '인천광역시청소년상담복지센터', '032-429-0394', 126.6513546, 37.47136306, '인천광역시 동구 송림동 103-8\r'),
	(190, '동구청소년상담복지센터', '032-777-1388', 126.6425754, 37.47606779, '인천광역시 동구 송림동 107\r'),
	(191, '중구청소년상담복지센터', '032-773-1317', 126.6289499, 37.47682773, '인천광역시 중구 전동 2-1\r'),
	(192, '인천미추홀구청소년상담복지센터', '032-862-8751', 126.67871, 37.46387122, '인천광역시 미추홀구 주안동 232-3\r'),
	(193, '연수구청소년상담복지센터', '032-818-0358', 126.6919591, 37.41932878, '인천광역시 연수구 연수동 533-2\r'),
	(194, '남동구청소년상담복지센터', '032-469-7197', 126.7339248, 37.46154371, '인천광역시 남동구 만수동 1120-1\r'),
	(195, '부평구청소년상담복지센터', '032-509-8916', 126.7200673, 37.49421472, '인천광역시 부평구 부평동 70-126\r'),
	(196, '계양구청소년상담복지센터', '032-547-0855', 126.7419857, 37.5501314, '인천광역시 계양구 방축동 214\r'),
	(197, '오산시청소년상담복지센터', '031-372-4004', 127.0688821, 37.1519355, '경기도 오산시 오산동 843-9\r'),
	(198, '평택시청소년상담복지센터', '031-656-1383', 127.1077761, 36.98875584, '경기도 평택시 합정동 392\r'),
	(199, '안성시청소년상담복지센터', '031-676-1318', 127.2750365, 37.00528353, '경기도 안성시 낙원동 403-5\r'),
	(200, '이천시청소년상담복지센터', '031-634-2777', 127.6296285, 37.11544251, '경기도 이천시 장호원읍 오남리 14-1\r'),
	(201, '이천시청소년상담복지센터', '031-634-2777', 127.4517651, 37.28044524, '경기도 이천시 창전동 504\r'),
	(202, '경기도청소년상담복지센터', '031-248-1318', 127.0078497, 37.30018416, '경기도 수원시 장안구 송죽동 505-3\r'),
	(203, '의왕시청소년상담복지센터', '031-452-1388', 126.9719377, 37.34179499, '경기도 의왕시 고천동 100-1\r'),
	(204, '군포시청소년상담복지센터', '031-397-1388', 126.9194179, 37.35921256, '경기도 군포시 산본동 1151-10\r'),
	(205, '안산시청소년상담복지센터', '031-414-1318', 126.8059589, 37.32622509, '경기도 안산시 단원구 초지동 604-3\r'),
	(206, '시흥시청소년상담복지센터', '031-318-7100', 126.7973075, 37.44611197, '경기도 시흥시 대야동 571-2\r'),
	(207, '안양시청소년상담복지센터', '031-446-0242', 126.9220484, 37.39524883, '경기도 안양시 만안구 안양동 1189-1\r'),
	(208, '과천시청소년상담복지센터', '02-504-1388', 127.0009113, 37.4264439, '경기도 과천시 문원동 199\r'),
	(209, '성남시청소년상담복지센터', '031-756-1388', 127.126415, 37.41836097, '경기도 성남시 중원구 여수동 214\r'),
	(210, '하남시청소년상담복지센터', '031-790-6680', 127.2142822, 37.53958186, '경기도 하남시 신장동 520\r'),
	(211, '광주시청소년상담복지센터', '031-760-2219', 127.2564036, 37.41748459, '경기도 광주시 송정동 120-8\r'),
	(212, '여주시청소년상담복지센터', '031-882-8889', 127.653486, 37.29995411, '경기도 여주시 천송동 545-1\r'),
	(213, '양평군청소년상담복지센터', '031-775-1318', 127.4899903, 37.49010191, '경기도 양평군 양평읍 양근리 414-1\r'),
	(214, '가평군청소년상담복지센터', '031-581-0397', 127.5095099, 37.82390068, '경기도 가평군 가평읍 대곡리 353-1\r'),
	(215, '구리시청소년상담복지센터', '031-557-2000', 127.1418, 37.60379588, '경기도 구리시 인창동 673-4\r'),
	(216, '동두천시청소년상담복지센터', '031-861-1388', 127.0575913, 37.89314552, '경기도 동두천시 지행동 284-1\r'),
	(217, '연천군청소년상담복지센터', '031-832-4452', 127.0670571, 38.0306353, '경기도 연천군 전곡읍 은대리 547\r'),
	(218, '파주시청소년상담복지센터', '031-946-0022', 126.7513067, 37.7240296, '경기도 파주시 와동동 1358\r'),
	(219, '고양시청소년상담복지센터', '031-979-1318', 126.8297821, 37.6258689, '경기도 고양시 덕양구 토당동 3-39\r'),
	(220, '김포시청소년상담복지센터', '031-984-1388', 126.708002, 37.63698584, '경기도 김포시 걸포동 1553\r'),
	(221, '관악구청소년상담복지센터', '02-872-1318', 126.9448714, 37.46759816, '서울특별시 관악구 신림동 209-1\r'),
	(222, '금천구청소년상담복지센터', '02-803-1873', 126.9156902, 37.44822125, '서울특별시 금천구 시흥동 산 84-7\r'),
	(223, '구로구청소년상담복지센터', '02-852-1319', 126.8327266, 37.49341648, '서울특별시 구로구 궁동 204-4\r'),
	(224, '강서구청소년상담복지센터', '02-2061-8998', 126.8442847, 37.55647746, '서울특별시 강서구 내발산동 산 4-5\r'),
	(225, '영등포구청소년상담복지센터', '02-2676-6114', 126.9032932, 37.51015699, '서울특별시 영등포구 영등포동 645-20\r'),
	(226, '동작구청소년상담복지센터', '02-845-1388', 126.9222557, 37.494437, '서울특별시 동작구 신대방동 722\r'),
	(227, '서초구청소년상담복지센터 부설내곡센터', '02-529-9128', 127.0583138, 37.44935753, '서울특별시 서초구 신원동 265\r'),
	(228, '서초구청소년상담복지센터', '02-525-9128', 126.9990505, 37.47827686, '서울특별시 서초구 방배동 1031-4\r'),
	(229, '강남구청소년상담복지센터', '02-2226-8555', 127.0887919, 37.48358978, '서울특별시 강남구 수서동 749\r'),
	(230, '노원구청소년상담복지센터', '02-2091-1387', 127.0780681, 37.66667685, '서울특별시 노원구 상계동 99-2\r'),
	(231, '송파구청소년상담복지센터', '02-449-7173', 127.1112619, 37.48970282, '서울특별시 송파구 문정동 150-8\r'),
	(232, '강동구청소년상담복지센터', '070-8819-1388', 127.1730292, 37.56647718, '서울특별시 강동구 강일동 301\r'),
	(233, '성동구청소년상담복지센터', '02-2299-1388', 127.0364527, 37.5623627, '서울특별시 성동구 행당동 7\r'),
	(234, '서울시청소년상담복지센터', '02-2285-1318', 126.9905563, 37.56746899, '서울특별시 중구 수표동 50-1\r'),
	(235, '용산구청소년상담복지센터', '02-706-1318', 126.9653955, 37.53911957, '서울특별시 용산구 원효로1가 26-17\r'),
	(236, '마포구청소년상담복지센터', '02-3153-5982', 126.9018209, 37.5669186, '서울특별시 마포구 성산동 369-15\r'),
	(237, '서대문구청소년상담복지센터', '02-3141-1318', 126.9137302, 37.58472362, '서울특별시 서대문구 북가좌동 337-15\r'),
	(238, '은평구청소년상담복지센터', '02-384-1318', 126.9245443, 37.59421605, '서울특별시 은평구 응암동 산 6-46\r'),
	(239, '종로구청소년상담복지센터', '02-762-1318', 127.0011145, 37.58713981, '서울특별시 종로구 혜화동 71-5\r'),
	(240, '성북구청소년상담복지센터', '02-3292-1779', 127.0105829, 37.60474095, '서울특별시 성북구 정릉동 966-1\r'),
	(241, '동대문구청소년상담복지센터', '02-2236-1318', 127.0246006, 37.57392268, '서울특별시 동대문구 신설동 96-11\r'),
	(242, '중랑구청소년상담복지센터', '02-496-1895', 127.0859709, 37.57322431, '서울특별시 중랑구 면목동 1382-10\r'),
	(243, '도봉구청소년상담복지센터', '02-6956-4501', 127.0507049, 37.65811677, '서울특별시 도봉구 창동 1-6\r'),
	(244, '강북구청소년상담복지센터', '02-6715-6661', 127.006223, 37.64567738, '서울특별시 강북구 수유동 535-380\r');
/*!40000 ALTER TABLE `center` ENABLE KEYS */;

-- 테이블 HearIAm.con_room 구조 내보내기
CREATE TABLE IF NOT EXISTS `con_room` (
  `num` bigint(20) NOT NULL AUTO_INCREMENT,
  `mentor` bigint(20) NOT NULL DEFAULT 1,
  `mentee` bigint(20) NOT NULL DEFAULT 0,
  `room` varchar(20) DEFAULT NULL,
  `date` datetime DEFAULT current_timestamp(),
  `keyword1` varchar(50) DEFAULT NULL,
  `keyword2` varchar(50) DEFAULT NULL,
  `keyword3` varchar(50) DEFAULT NULL,
  `record_dir` varchar(200) DEFAULT NULL,
  `wordcloud_img` varchar(200) DEFAULT NULL,
  `title` varchar(50) DEFAULT NULL,
  `status` varchar(50) DEFAULT NULL,
  `isreapply` int(2) DEFAULT 0,
  `answer` varchar(10000) DEFAULT NULL,
  `memo` varchar(5000) DEFAULT NULL,
  PRIMARY KEY (`num`),
  KEY `mentor` (`mentor`),
  KEY `userid_mentee` (`mentee`),
  CONSTRAINT `userid_mentee` FOREIGN KEY (`mentee`) REFERENCES `users` (`num`) ON DELETE CASCADE,
  CONSTRAINT `userid_mentor` FOREIGN KEY (`mentor`) REFERENCES `users` (`num`) ON DELETE CASCADE
) ENGINE=InnoDB AUTO_INCREMENT=195 DEFAULT CHARSET=utf8mb4 COMMENT='녹화, 스트리밍 상담 리스트';

-- 테이블 데이터 HearIAm.con_room:~142 rows (대략적) 내보내기
/*!40000 ALTER TABLE `con_room` DISABLE KEYS */;
INSERT IGNORE INTO `con_room` (`num`, `mentor`, `mentee`, `room`, `date`, `keyword1`, `keyword2`, `keyword3`, `record_dir`, `wordcloud_img`, `title`, `status`, `isreapply`, `answer`, `memo`) VALUES
	(1, 40, 18, 'XsR5S8RdQphtbIXDl3p1', '2020-11-12 11:21:05', NULL, NULL, NULL, NULL, NULL, NULL, 'finish', 0, NULL, ''),
	(2, 17, 2, 'xtUY7dMGwBRjbBDeyWcO', '2020-11-12 11:21:10', NULL, NULL, NULL, NULL, NULL, NULL, 'finish', 0, NULL, ''),
	(3, 17, 18, 'mayWCRwbvADDXoMVnmDe', '2020-11-12 11:23:34', NULL, NULL, NULL, NULL, NULL, NULL, 'finish', 0, NULL, ''),
	(4, 40, 2, 'HBQ3fmECINDrLMiG2CFx', '2020-11-12 11:23:38', NULL, NULL, NULL, NULL, NULL, NULL, 'finish', 0, NULL, ''),
	(5, 40, 18, '7uzhQnM0BuVr4CnuOBLv', '2020-11-12 11:25:29', NULL, NULL, NULL, NULL, NULL, NULL, 'finish', 0, NULL, ''),
	(7, 40, 2, 'YIZgY49u1cjXs9qqSwOS', '2020-11-12 11:27:14', NULL, NULL, NULL, NULL, NULL, NULL, 'finish', 0, NULL, ''),
	(9, 40, 18, 'Q9eazVgQHeUJLuPAvUhb', '2020-11-12 11:29:01', NULL, NULL, NULL, NULL, NULL, NULL, 'finish', 0, NULL, ''),
	(11, 17, 18, 'AgleCbxXQXI97XY1oh2f', '2020-11-12 11:30:50', NULL, NULL, NULL, NULL, NULL, NULL, 'finish', 1, NULL, ''),
	(12, 40, 2, '8hhcKd18xX9RYlIHti1x', '2020-11-12 11:30:59', NULL, NULL, NULL, NULL, NULL, NULL, 'finish', 0, NULL, ''),
	(13, 17, 18, 'rqLnMOBHmjoCjZquKRc6', '2020-11-12 11:32:33', NULL, NULL, NULL, NULL, NULL, NULL, 'finish', 0, NULL, ''),
	(14, 40, 2, 'nBWipJmj7UQ7kMYjNyyn', '2020-11-12 11:32:35', NULL, NULL, NULL, NULL, NULL, NULL, 'finish', 0, NULL, ''),
	(15, 40, 18, 'TOHDqxDXU7ys0qVKv5AB', '2020-11-12 11:33:46', NULL, NULL, NULL, NULL, NULL, NULL, 'finish', 0, NULL, ''),
	(17, 40, 18, 'xmQv7f1EYj579rKMTAnT', '2020-11-12 11:37:55', NULL, NULL, NULL, NULL, NULL, NULL, 'finish', 0, NULL, ''),
	(18, 17, 2, 'Ht4M5k84fqomKYwIPlcy', '2020-11-12 11:38:02', NULL, NULL, NULL, NULL, NULL, NULL, 'finish', 0, NULL, ''),
	(20, 40, 2, 'c69FKQH5J4gEau8KLKTz', '2020-11-12 11:43:51', NULL, NULL, NULL, NULL, NULL, NULL, 'finish', 0, NULL, ''),
	(21, 40, 18, 'onvsM8aienr5ZAzbXarP', '2020-11-12 11:44:07', NULL, NULL, NULL, NULL, NULL, NULL, 'finish', 0, NULL, ''),
	(22, 40, 18, 'XqFwKdRoqy1B0ZhLNpVA', '2020-11-12 11:46:04', NULL, NULL, NULL, NULL, NULL, NULL, 'finish', 0, NULL, ''),
	(23, 40, 18, 'WOThZKDWgY9M9L1GP0fD', '2020-11-12 11:47:13', NULL, NULL, NULL, NULL, NULL, NULL, 'finish', 0, NULL, ''),
	(24, 17, 2, 'JcsNs7JuqjW3KzFa93hs', '2020-11-12 11:47:18', NULL, NULL, NULL, NULL, NULL, NULL, 'finish', 0, NULL, ''),
	(25, 4, 18, '16fVqzWHHjbZErEyHHjT', '2020-11-12 11:50:38', NULL, NULL, NULL, NULL, NULL, NULL, 'finish', 0, NULL, ''),
	(26, 4, 2, 'Kx1FGTvwYLrb1Dm86jf0', '2020-11-12 11:50:45', NULL, NULL, NULL, NULL, NULL, NULL, 'finish', 0, NULL, ''),
	(27, 4, 2, 'sczTyROQSHZgZh3I8PxD', '2020-11-12 11:51:14', NULL, NULL, NULL, NULL, NULL, NULL, 'finish', 0, NULL, ''),
	(28, 4, 18, '5WsSccBZGfJqbTsnlCE9', '2020-11-12 11:52:47', NULL, NULL, NULL, NULL, NULL, NULL, 'finish', 0, NULL, ''),
	(30, 4, 2, 'b7CZq1B2nsH5uQx6bzp0', '2020-11-12 11:55:17', NULL, NULL, NULL, NULL, NULL, NULL, 'finish', 0, NULL, ''),
	(31, 4, 2, 'W5KCchA0hRAPPTPTHZvz', '2020-11-12 12:15:28', NULL, NULL, NULL, NULL, NULL, NULL, 'progress', 0, NULL, NULL),
	(32, 4, 2, 'Gkzr7Ya7deMh4W5ric5v', '2020-11-12 12:17:17', NULL, NULL, NULL, NULL, NULL, NULL, 'finish', 0, NULL, ''),
	(33, 4, 2, NULL, '2020-11-12 12:18:42', '고기국수', '라면', 'none', '658153116record.wav', 'keyword1605151117992.png', '진로에 대한 고민이 있어요.', 'finish', 0, '라면 좋아요', NULL),
	(34, 4, 2, NULL, '2020-11-12 12:19:39', '고기국수', 'none', 'none', '658153173record.wav', 'keyword1605151174307.png', '노휘종', 'progress', 0, NULL, NULL),
	(35, 4, 2, 'Q6DG3ijph9gZp0IQkzKO', '2020-11-12 12:20:26', NULL, NULL, NULL, NULL, NULL, NULL, 'finish', 0, NULL, ''),
	(36, 4, 23, NULL, '2020-11-12 12:20:28', '하나', '아아', '마이크', '658153221record.wav', 'keyword1605151224429.png', '진로에 대한 고민이 있어요.', 'progress', 0, NULL, NULL),
	(38, 4, 18, NULL, '2020-11-12 12:25:12', '장님', 'none', 'none', '658153506record.wav', 'keyword1605151508687.png', '괴롭힘을 당하고 있어요...', 'progress', 0, NULL, NULL),
	(39, 4, 2, NULL, '2020-11-12 12:25:33', '시작', '녹음', '버튼', '658153527record.wav', 'keyword1605151530503.png', '이재인 바보야', 'progress', 0, NULL, NULL),
	(40, 4, 2, 'GEAWxFYtyeNp69pNzVHA', '2020-11-12 12:26:12', NULL, NULL, NULL, NULL, NULL, NULL, 'finish', 0, NULL, ''),
	(41, 4, 2, 'T2uMjMjAPGpR2ZD4pmq4', '2020-11-12 12:27:44', NULL, NULL, NULL, NULL, NULL, NULL, 'finish', 0, NULL, ''),
	(42, 4, 2, 'PbHJfsEOIw9Vye0D1Jg7', '2020-11-12 12:30:27', NULL, NULL, NULL, NULL, NULL, NULL, 'finish', 0, NULL, ''),
	(43, 4, 2, 'nT9U2UFAZLsreDLxGVKo', '2020-11-12 12:35:58', NULL, NULL, NULL, NULL, NULL, NULL, 'finish', 0, NULL, ''),
	(44, 17, 18, NULL, '2020-11-12 12:36:46', '고기국수', '이미진', '상', '658154197record.wav', 'keyword1605152200997.png', '친구문제로 상담을 받고 싶어요.', 'finish', 0, '고기 국수 먹고 싶으면 참으세요 ', NULL),
	(45, 17, 18, 'Mxrcun4LUWIeD00sjDtP', '2020-11-12 13:00:00', NULL, NULL, NULL, NULL, NULL, NULL, 'reserve', 0, NULL, NULL),
	(46, 17, 18, NULL, '2020-11-12 12:37:52', '엄마', 'none', 'none', '658154267record.wav', 'keyword1605152268637.png', '괴롭힘을 당하고 있어요...', 'finish', 0, '알랄ㄹ랄ㄹ라 올롤ㄹ롤ㄹ로 울룰룰ㄹ루', NULL),
	(47, 17, 18, 'fAZzoJbF6uw7AZkl1I41', '2020-11-12 19:00:00', NULL, NULL, NULL, NULL, NULL, NULL, 'reapply', 0, NULL, NULL),
	(48, 17, 19, 'vGq9oVVhYuZSoII4TuAP', '2020-11-12 14:00:00', NULL, NULL, NULL, NULL, NULL, NULL, 'reserve', 0, NULL, NULL),
	(49, 4, 2, 'Ns7QQtwCrG5osw6ZGSwF', '2020-11-12 12:42:32', NULL, NULL, NULL, NULL, NULL, NULL, 'finish', 0, NULL, '불행한일이 있엇난보네요'),
	(51, 17, 2, 'w7ONKr5MT8BVyXS2lm1Q', '2020-11-12 12:43:55', NULL, NULL, NULL, NULL, NULL, NULL, 'finish', 0, NULL, '팅겼습니까??? 선생님?????????????'),
	(52, 4, 2, 'I45fBxRawFxB57uctFJN', '2020-11-12 12:45:39', NULL, NULL, NULL, NULL, NULL, NULL, 'finish', 0, NULL, ''),
	(53, 4, 2, 'TUMHx7w5XU1HXnXl2Txq', '2020-11-12 12:46:12', NULL, NULL, NULL, NULL, NULL, NULL, 'progress', 0, NULL, NULL),
	(54, 4, 2, 'VLP77jf0jONhwUYPGiar', '2020-11-12 12:47:52', NULL, NULL, NULL, NULL, NULL, NULL, 'finish', 0, NULL, '해피해피'),
	(55, 17, 18, 'yEgsrTq4BEgQgu4enJOT', '2020-11-12 12:48:19', NULL, NULL, NULL, NULL, NULL, NULL, 'progress', 0, NULL, NULL),
	(56, 17, 18, 'cfIlUUemmXfBxczEwkp5', '2020-11-12 12:49:02', NULL, NULL, NULL, NULL, NULL, NULL, 'finish', 0, NULL, ''),
	(57, 17, 18, 'tlmpFp9NkyEOOAg36aww', '2020-11-12 12:49:29', NULL, NULL, NULL, NULL, NULL, NULL, 'finish', 0, NULL, ''),
	(58, 17, 18, 'LnVgnAitrocJGKwIS3H3', '2020-11-12 12:52:42', NULL, NULL, NULL, NULL, NULL, NULL, 'finish', 0, NULL, ''),
	(62, 17, 18, 'I42Y5S6h3lsxztfze0bm', '2020-11-12 13:07:18', NULL, NULL, NULL, NULL, NULL, NULL, 'finish', 0, NULL, ''),
	(68, 17, 2, 'wQakLhcSs5cey6JUMZmI', '2020-11-12 13:27:40', NULL, NULL, NULL, NULL, NULL, NULL, 'finish', 1, NULL, ''),
	(69, 4, 2, '160Xvz1mnYUzHBsVZz3F', '2020-11-12 13:28:33', NULL, NULL, NULL, NULL, NULL, NULL, 'finish', 1, NULL, ''),
	(70, 17, 18, 'eyxTPMZfZK250s7cB5eU', '2020-11-12 13:29:56', NULL, NULL, NULL, NULL, NULL, NULL, 'finish', 0, NULL, ''),
	(71, 4, 18, 'bBzQsYhKteQnTTr3GcGE', '2020-11-12 13:40:04', NULL, NULL, NULL, NULL, NULL, NULL, 'finish', 0, NULL, ''),
	(74, 4, 18, 'URGEurmFHgCa3yNcM4u5', '2020-11-12 13:44:09', NULL, NULL, NULL, NULL, NULL, NULL, 'finish', 0, NULL, ''),
	(75, 4, 18, '49tPXcMRWt0r9W1seQyJ', '2020-11-12 13:44:38', NULL, NULL, NULL, NULL, NULL, NULL, 'finish', 0, NULL, ''),
	(76, 4, 18, '1p7r3gfBOdZBVGs2en3p', '2020-11-12 13:45:22', NULL, NULL, NULL, NULL, NULL, NULL, 'finish', 0, NULL, ''),
	(79, 13, 18, 'EdP6c39rtK2M6lJpbfCo', '2020-11-12 13:49:46', NULL, NULL, NULL, NULL, NULL, NULL, 'finish', 0, NULL, ''),
	(81, 13, 18, 'j9zgAA5qw4kNXdlcb0O5', '2020-11-12 13:51:06', NULL, NULL, NULL, NULL, NULL, NULL, 'finish', 0, NULL, ''),
	(82, 13, 18, 'kLUSbhN3cr9Aae9BHU4b', '2020-11-12 13:53:19', NULL, NULL, NULL, NULL, NULL, NULL, 'finish', 0, NULL, ''),
	(83, 13, 18, 'lXIcpnyTjEVPvJ9t17oA', '2020-11-12 13:53:56', NULL, NULL, NULL, NULL, NULL, NULL, 'finish', 0, NULL, ''),
	(84, 13, 18, 'SU38vC3kwcbkew1356C3', '2020-11-12 13:54:44', NULL, NULL, NULL, NULL, NULL, NULL, 'finish', 0, NULL, ''),
	(86, 17, 18, 'ezkOcHTwRvf5PcCs6bB2', '2020-11-12 14:05:12', NULL, NULL, NULL, NULL, NULL, NULL, 'finish', 0, NULL, ''),
	(87, 17, 18, 'iblqMNQY107a0Egcagb2', '2020-11-12 14:06:15', NULL, NULL, NULL, NULL, NULL, NULL, 'finish', 0, NULL, ''),
	(88, 17, 18, 'CxVQx5jkKWo4wOhpR9Sj', '2020-11-12 14:06:51', NULL, NULL, NULL, NULL, NULL, NULL, 'finish', 0, NULL, ''),
	(91, 17, 18, 'rVOi4pKSOdAhVm7kie3b', '2020-11-12 14:10:07', NULL, NULL, NULL, NULL, NULL, NULL, 'finish', 0, NULL, ''),
	(94, 13, 18, 'UB0HI1g3YBBN1sq6Gx4l', '2020-11-12 14:12:48', NULL, NULL, NULL, NULL, NULL, NULL, 'finish', 0, NULL, ''),
	(95, 17, 18, 'LIhrdBSMsUiHG8QXWbvV', '2020-11-12 14:13:42', NULL, NULL, NULL, NULL, NULL, NULL, 'finish', 0, NULL, ''),
	(97, 17, 18, 'YfbUwHP7pGemo2Iqslij', '2020-11-12 14:33:28', NULL, NULL, NULL, NULL, NULL, NULL, 'progress', 0, NULL, NULL),
	(99, 4, 53, 'leRJoP5Vz8bvhsTJ5V8p', '2020-11-12 14:35:50', NULL, NULL, NULL, NULL, NULL, NULL, 'progress', 0, NULL, NULL),
	(100, 17, 18, 'dKzunvNAyoL9VYoypXxZ', '2020-11-12 14:36:19', NULL, NULL, NULL, NULL, NULL, NULL, 'finish', 0, NULL, ''),
	(101, 4, 53, 'n7HZo55R7VYUzjdMteqN', '2020-11-12 14:38:15', '학교', '왕따', '친구문제', NULL, NULL, '김싸피님과의 상담내용', 'finish', 0, '후유증으로 인해 불규칙한 생활패턴과 불안 증세를 보임.\n추후 재상담이 필요해보임.', '2020년 8월 20일에 00지역에서 학교 폭력.\n친구들과 어울리기 힘들다고 함. 불안증세.\n'),
	(104, 17, 18, 'AasD7JsBuC9FADXph7lN', '2020-11-12 14:40:31', NULL, NULL, NULL, NULL, NULL, NULL, 'finish', 0, NULL, ''),
	(105, 4, 53, 'Mzqa0pISHuwl8KcfGiPA', '2020-11-12 14:41:48', '친구문제', '과외', '학원', NULL, NULL, '김싸피님과의 상담내용', 'finish', 0, '현재 수학학원을 다니고 있지만 과외를 하고싶어함. ', '현재 수학학원을 다니고 있지만 과외를 하고싶어함. \n다니는 학원이 좋은 학원이고 친구들과 헤어지는 것이 아쉬워서 고민중.'),
	(111, 17, 18, 'AxvwbWN93ieB9MI9g50T', '2020-11-12 14:59:41', NULL, NULL, NULL, NULL, NULL, NULL, 'finish', 0, NULL, ''),
	(113, 17, 18, 'AxG6zwTJJ5SBhKfjRGvh', '2020-11-12 15:03:12', NULL, NULL, NULL, NULL, NULL, NULL, 'finish', 0, NULL, ''),
	(116, 17, 2, 'lL8jRZc5G4Vm7asQW2eG', '2020-11-13 22:00:00', NULL, NULL, NULL, NULL, NULL, NULL, 'reapply', 0, NULL, NULL),
	(117, 17, 18, 'uPmJGMf1CtofCa5pdDbe', '2020-11-12 15:20:24', NULL, NULL, NULL, NULL, NULL, NULL, 'finish', 0, NULL, ''),
	(118, 17, 18, 'G1hjbs8VhCS6XfZcQDsM', '2020-11-12 15:21:37', NULL, NULL, NULL, NULL, NULL, NULL, 'finish', 0, NULL, ''),
	(119, 17, 2, '1ROogRwn4proFuDKUr57', '2020-11-13 14:00:00', NULL, NULL, NULL, NULL, NULL, NULL, 'reserve', 0, NULL, NULL),
	(120, 4, 2, 'pvoHPk0jZph1yNPc2KBZ', '2020-11-13 13:00:00', NULL, NULL, NULL, NULL, NULL, NULL, 'reapply', 0, NULL, NULL),
	(121, 4, 2, NULL, '2020-11-12 17:18:06', '버튼', '녹음', '시작', '658171079record.wav', 'keyword1605169080984.png', '진로에 대한 고민이 있어요.', 'finish', 0, 'q버튼', NULL),
	(122, 4, 2, NULL, '2020-11-12 17:19:27', '이아', 'none', 'none', '658171161record.wav', 'keyword1605169163618.png', '진로에 대한 고민이 있어요.', 'finish', 0, 'ㅇㄴㄴㅁㅇㄹ', NULL),
	(123, 4, 56, NULL, '2020-11-13 10:35:24', '대전', '이반', '프로젝트', '658233317record.wav', 'keyword1605231318995.png', '기타', 'progress', 0, NULL, NULL),
	(124, 4, 56, 'obrLmD7NKQSuxx8xnLRL', '2020-11-13 11:00:00', NULL, NULL, NULL, NULL, NULL, NULL, 'reserve', 0, NULL, NULL),
	(126, 4, 2, 'RWOYux7uo32KOVlq5jOj', '2020-11-13 11:41:01', NULL, NULL, NULL, NULL, NULL, NULL, 'finish', 0, NULL, ''),
	(127, 4, 2, 'lALkxfJTwVU9HqzujCy3', '2020-11-13 11:48:08', NULL, NULL, NULL, NULL, NULL, NULL, 'finish', 0, NULL, ''),
	(128, 4, 2, 'VAJaFcLenM8GPVn5IYwf', '2020-11-13 11:55:02', NULL, NULL, NULL, NULL, NULL, NULL, 'finish', 0, NULL, ''),
	(129, 17, 2, '7UiDShP0YDSIOqoi4dl4', '2020-11-13 12:58:57', NULL, NULL, NULL, NULL, NULL, NULL, 'finish', 0, NULL, '행복ㅎ'),
	(130, 4, 2, 'hfUwcV5TTF41d4YHyMyt', '2020-11-13 12:58:58', NULL, NULL, NULL, NULL, NULL, NULL, 'finish', 1, NULL, ''),
	(131, 4, 2, NULL, '2020-11-13 13:03:18', '버튼', '녹음', '시작', '658242192record.wav', 'keyword1605240194009.png', '진로에 대한 고민이 있어요.', 'progress', 0, NULL, NULL),
	(132, 4, 2, 'sPYCi2Q3Hmqx4srWvQx6', '2020-11-13 16:00:00', NULL, NULL, NULL, NULL, NULL, NULL, 'reserve', 0, NULL, NULL),
	(133, 17, 2, 'l1vIDOp6BRA6ykMfCLXg', '2020-11-13 17:00:00', NULL, NULL, NULL, NULL, NULL, NULL, 'finish', 0, NULL, ''),
	(134, 4, 2, 'hd6R7yzynJL5PeLFylKR', '2020-11-14 14:00:00', NULL, NULL, NULL, NULL, NULL, NULL, 'reserve', 0, NULL, NULL),
	(135, 4, 2, 'LlBQCEa4HLXFY9vZz3zb', '2020-11-13 14:00:00', NULL, NULL, NULL, NULL, NULL, NULL, 'reserve', 0, NULL, NULL),
	(136, 17, 2, 'wTZfJk0TEwZXNV4RxOjE', '2020-11-14 16:00:00', NULL, NULL, NULL, NULL, NULL, NULL, 'reserve', 0, NULL, NULL),
	(137, 4, 2, 'pF8DRhVjWJgzGt6ya3c3', '2020-11-14 16:00:00', NULL, NULL, NULL, NULL, NULL, NULL, 'reapply', 0, NULL, NULL),
	(139, 64, 59, NULL, '2020-11-13 13:51:55', '뭔가', '수학', '중학생', '658245104record.wav', 'keyword1605243109446.png', '시험 성적 때문에 고민이에요..', 'waiting', 0, NULL, NULL),
	(140, 4, 18, 'qe0t6Kh2jwynMl32tXVa', '2020-11-13 14:04:26', NULL, NULL, NULL, NULL, NULL, NULL, 'finish', 0, NULL, ''),
	(142, 4, 18, 'rqcJNjNw0sZJe5hoLEJ3', '2020-11-13 14:05:34', '놀람', '행복', '무표정', NULL, NULL, '지민학생님과의 상담내용', 'finish', 0, '공부를 열심히 하세요', '성적이 9등급이라 고민입니다.'),
	(143, 4, 59, NULL, '2020-11-13 14:07:52', '학원', '수학', '상처', '658246060record.wav', 'keyword1605244067181.png', '싸피생님과의 상담내용', 'finish', 0, '공부를 조금 더 열심히 할수 있도록 노력하세요', '현재 수학학원을 다니고 있지만 과외를 하고싶어함. \n다니는 학원이 좋은 학원이고 친구들과 헤어지는 것이 아쉬워서 고민중.'),
	(144, 4, 18, 'fQkV2WSGy3kdnH3dmSrf', '2020-11-13 14:08:04', NULL, NULL, NULL, NULL, NULL, NULL, 'finish', 0, NULL, ''),
	(145, 4, 63, NULL, '2020-11-13 14:12:22', '친구', '공감', '형성', '658246329record.wav', 'keyword1605244336588.png', '친구문제로 상담을 받고 싶어요.', 'waiting', 0, NULL, NULL),
	(146, 17, 63, NULL, '2020-11-13 14:24:45', '친구', '옛날', '공부', '658247072record.wav', 'keyword1605245080095.png', '친구문제로 상담을 받고 싶어요.', 'progress', 0, NULL, NULL),
	(147, 64, 59, NULL, '2020-11-13 14:26:42', '현재', '중이', '부터', '658247188record.wav', 'keyword1605245196281.png', '괴롭힘을 당하고 있어요...', 'waiting', 0, NULL, NULL),
	(149, 64, 59, NULL, '2020-11-13 14:28:17', '공부', '고등학교', '운동', '658247285record.wav', 'keyword1605245291290.png', '진로에 대한 고민이 있어요.', 'waiting', 0, NULL, NULL),
	(150, 4, 2, 'ZTGHJMDVrueAJ8xIiZDC', '2020-11-13 14:28:30', NULL, NULL, NULL, NULL, NULL, NULL, 'progress', 0, NULL, NULL),
	(151, 4, 18, 'PUNtIeZC4GVaVaYjlYk8', '2020-11-13 14:28:34', NULL, NULL, NULL, NULL, NULL, NULL, 'progress', 0, NULL, NULL),
	(154, 4, 18, 'wSwbUavnTGHmtGZnX0ib', '2020-11-13 14:31:03', NULL, NULL, NULL, NULL, NULL, NULL, 'progress', 0, NULL, NULL),
	(156, 64, 66, 'bqa6ERmue3vvHi0zUbta', '2020-11-14 14:00:00', NULL, NULL, NULL, NULL, NULL, NULL, 'reserve', 0, NULL, NULL),
	(157, 4, 66, 'loIKbZC0yaL34UsJD77A', '2020-11-13 16:28:33', '가나다', '라마바', NULL, NULL, NULL, '싸피천재님과의 상담내용', 'finish', 0, NULL, ''),
	(158, 4, 66, NULL, '2020-11-13 16:30:20', '진로', '대한', '고민', '658254613record.wav', 'keyword1605252615346.png', '진로에 대한 고민이 있어요.', 'progress', 0, NULL, NULL),
	(160, 17, 2, 'I1Sw3O2TOoyNI4BavsHh', '2020-11-13 17:10:52', NULL, NULL, NULL, NULL, NULL, NULL, 'finish', 0, NULL, ''),
	(164, 17, 18, 'QSZMEJjkWbPr0h5si6r7', '2020-11-14 17:59:03', NULL, NULL, NULL, NULL, NULL, NULL, 'finish', 0, NULL, ''),
	(166, 64, 18, 'eSDIF5XtaBja3ZYrHAm7', '2020-11-14 18:00:48', '잘했어요!', '안타까워요!', '고생했어요!', NULL, NULL, '지민학생님과의 상담내용', 'finish', 0, '자신감이 부족함 ', '더 열심히 살아가면 됩니다.'),
	(167, 17, 18, '06S3omuMKFXpD51GbS8v', '2020-11-14 20:43:01', NULL, NULL, NULL, NULL, NULL, NULL, 'finish', 0, NULL, '지민 학생은 배가 고프다'),
	(168, 64, 71, NULL, '2020-11-15 18:23:05', '지민', 'none', 'none', '658434179record.wav', 'keyword1605432181334.png', '괴롭힘을 당하고 있어요.', 'finish', 0, '상담 완료했습니다!', NULL),
	(169, 64, 71, NULL, '2020-11-15 18:24:21', '최인영', '넘버', '지민', '658434254record.wav', 'keyword1605432257240.png', '괴롭힘을 당하고 있어요.', 'finish', 0, '상담완료!! ', NULL),
	(170, 4, 18, NULL, '2020-11-16 13:33:37', '저녁', 'none', 'none', '658503211record.wav', 'keyword1605501212617.png', '기타', 'progress', 0, NULL, NULL),
	(172, 17, 75, '3a4aQVJYyOCoCDL4f81p', '2020-11-16 14:05:46', NULL, NULL, NULL, NULL, NULL, NULL, 'finish', 0, NULL, ''),
	(173, 17, 75, 'MC9CYrFmOxaTd1P0goDp', '2020-11-16 14:06:34', NULL, NULL, NULL, NULL, NULL, NULL, 'finish', 0, NULL, ''),
	(174, 17, 75, 'XYakTq9U3pIfw7NI3rNf', '2020-11-16 14:07:53', NULL, NULL, NULL, NULL, NULL, NULL, 'finish', 0, NULL, ''),
	(175, 17, 18, 'Y6KBXezLHrBJSSsIHs6U', '2020-11-16 14:09:00', NULL, NULL, NULL, NULL, NULL, NULL, 'progress', 0, NULL, NULL),
	(176, 4, 18, '7yRQZNyKkdfvJsPpETDo', '2020-11-16 14:11:20', NULL, NULL, NULL, NULL, NULL, NULL, 'finish', 0, NULL, ''),
	(177, 17, 76, 'fCLs9nz5VuydhaOPpfSl', '2020-11-16 14:13:27', NULL, NULL, NULL, NULL, NULL, NULL, 'finish', 0, NULL, ''),
	(179, 17, 2, '4IOUj7lexfY1J86SBmuT', '2020-11-16 14:15:39', NULL, NULL, NULL, NULL, NULL, NULL, 'finish', 0, NULL, ''),
	(180, 17, 2, '2qqh0LolEKU6uV37BamI', '2020-11-16 14:16:37', NULL, NULL, NULL, NULL, NULL, NULL, 'finish', 0, NULL, ''),
	(181, 17, 2, 'CZ8dYIuDinEExyEtce01', '2020-11-16 14:16:52', NULL, NULL, NULL, NULL, NULL, NULL, 'finish', 0, NULL, ''),
	(182, 17, 2, 'xTjKyXgWo4XVlfdW2Orp', '2020-11-16 14:17:59', NULL, NULL, NULL, NULL, NULL, NULL, 'finish', 0, NULL, ''),
	(183, 17, 19, 'iiYG4NKrL6fOKV9wSnLS', '2020-11-16 14:20:36', NULL, NULL, NULL, NULL, NULL, NULL, 'finish', 0, NULL, ''),
	(184, 4, 2, '9XlSILTG4oVrxDSgdMaw', '2020-11-16 14:20:49', NULL, NULL, NULL, NULL, NULL, NULL, 'progress', 0, NULL, NULL),
	(185, 4, 2, 'gzcxh8INao9nFYUKToun', '2020-11-16 14:22:00', NULL, NULL, NULL, NULL, NULL, NULL, 'progress', 0, NULL, NULL),
	(186, 17, 19, 'MI2raR36Yl3xk0i19CbT', '2020-11-16 14:22:43', NULL, NULL, NULL, NULL, NULL, NULL, 'finish', 0, NULL, ''),
	(187, 4, 2, 'BPYfS1erGu3k8LshajlS', '2020-11-16 14:23:05', NULL, NULL, NULL, NULL, NULL, NULL, 'finish', 0, NULL, ''),
	(188, 17, 18, 'i1ednClRE3NNQQJfUwaQ', '2020-11-16 14:23:40', NULL, NULL, NULL, NULL, NULL, NULL, 'finish', 0, NULL, ''),
	(189, 4, 2, 'YSvCkea2Oy5u3MCvdnYj', '2020-11-16 14:28:13', NULL, NULL, NULL, NULL, NULL, NULL, 'progress', 0, NULL, NULL),
	(190, 4, 2, 'I0JvGurxRUfkWqqX6nT7', '2020-11-16 14:32:49', NULL, NULL, NULL, NULL, NULL, NULL, 'finish', 0, NULL, ''),
	(191, 64, 18, 'D2ZiYFa7CeXrKAlfsfPi', '2020-11-16 15:00:00', NULL, NULL, NULL, NULL, NULL, NULL, 'reserve', 0, NULL, NULL),
	(192, 17, 18, 'HGtGvU9F4IaHn9tH96Tk', '2020-11-16 14:58:42', NULL, NULL, NULL, NULL, NULL, NULL, 'finish', 0, NULL, ''),
	(193, 17, 81, 'sUX19BR2mLhXM1ph7F00', '2020-11-17 19:00:00', NULL, NULL, NULL, NULL, NULL, NULL, 'reserve', 0, NULL, NULL),
	(194, 17, 82, 'patLUd1KEqdgOsJE9jid', '2020-11-17 14:00:00', NULL, NULL, NULL, NULL, NULL, NULL, 'reserve', 0, NULL, NULL);
/*!40000 ALTER TABLE `con_room` ENABLE KEYS */;

-- 테이블 HearIAm.emo_data 구조 내보내기
CREATE TABLE IF NOT EXISTS `emo_data` (
  `num` bigint(20) NOT NULL DEFAULT 0,
  `angry` longtext NOT NULL DEFAULT '0',
  `disgusted` longtext NOT NULL DEFAULT '0',
  `fearful` longtext NOT NULL DEFAULT '0',
  `happy` longtext NOT NULL DEFAULT '0',
  `neutral` longtext NOT NULL DEFAULT '0',
  `sad` longtext NOT NULL DEFAULT '0',
  `surprised` longtext NOT NULL DEFAULT '0',
  PRIMARY KEY (`num`),
  CONSTRAINT `con_room_emo_data` FOREIGN KEY (`num`) REFERENCES `con_room` (`num`) ON DELETE CASCADE
) ENGINE=InnoDB DEFAULT CHARSET=utf8mb4 COMMENT='상담 실시간 감정 분석 데이터 테이블';

-- 테이블 데이터 HearIAm.emo_data:~114 rows (대략적) 내보내기
/*!40000 ALTER TABLE `emo_data` DISABLE KEYS */;
INSERT IGNORE INTO `emo_data` (`num`, `angry`, `disgusted`, `fearful`, `happy`, `neutral`, `sad`, `surprised`) VALUES
	(1, '1', '1', '1', '1', '1', '1', '1'),
	(2, '1', '1', '1', '1', '1', '1', '1'),
	(3, '1', '1', '1', '1', '1', '1', '1'),
	(4, '0|0|0|0|0|0|0|0|0|2|0|6|0|0|0|1|0|0|0|0|0|0|7|40|0|0|0|0|0|0|0|0|23|0|0|0|0|0|0|0|1', '0|0|0|0|0|0|0|0|1|8|0|0|0|0|0|0|0|0|0|0|0|0|90|51|0|0|0|0|0|0|0|0|43|0|0|0|0|0|0|0|1', '0|0|0|0|0|0|0|0|0|0|0|0|0|0|0|0|0|0|0|0|0|0|0|0|0|0|0|0|0|0|0|0|0|0|0|0|0|0|0|0|1', '0|1|0|6|10|4|1|7|17|28|0|14|11|0|3|3|2|19|0|0|0|0|0|0|0|0|0|0|1|0|0|0|5|17|4|2|0|0|0|0|1', '98|97|97|93|89|92|60|46|11|30|4|68|67|4|9|55|97|79|98|0|0|98|1|6|96|21|70|88|96|65|99|99|10|80|95|95|99|99|93|99|1', '0|0|1|0|0|2|37|43|23|8|94|9|16|0|84|19|0|0|0|0|0|0|0|1|0|0|0|0|0|0|0|0|16|1|0|0|0|0|0|0|1', '0|0|0|0|0|0|0|2|46|21|0|0|3|95|2|19|0|0|1|99|99|1|0|0|3|78|29|10|1|33|0|0|0|0|0|2|0|0|5|0|1'),
	(5, '0|0|0|3|0|0|0|0|0|1', '0|0|0|0|0|0|0|0|0|1', '2|0|0|20|0|0|0|0|0|1', '0|0|99|60|0|0|0|0|0|1', '92|99|0|0|97|99|99|75|75|1', '0|0|0|0|0|0|0|24|24|1', '3|0|0|14|0|0|0|0|0|1'),
	(7, '0|0|0|0|0|0|0|0|16|0|1|0|0|0|0|0|1|0|0|0|0|0|0|1', '0|0|0|0|0|0|0|0|0|0|0|0|0|7|0|0|0|0|0|0|0|0|0|1', '0|0|0|0|0|69|0|0|0|0|0|0|0|0|0|0|0|0|0|0|0|0|0|1', '49|22|0|3|0|0|0|99|22|0|0|0|0|2|0|0|33|0|79|3|1|0|0|1', '50|77|99|96|67|1|99|0|4|99|85|0|0|19|35|95|46|1|19|95|97|99|99|1', '0|0|0|0|0|0|0|0|51|0|6|0|0|38|61|4|15|97|0|0|0|0|0|1', '0|0|0|0|31|28|0|0|3|0|6|99|99|30|1|0|3|0|0|0|0|0|0|1'),
	(9, '0|0|0|0|0|0|0|0|0|0|0|0|0|0|0|0|0|0|0|0|0|1|0|2|0|1', '0|0|0|0|0|0|0|0|0|0|0|0|0|0|0|0|0|0|0|0|0|0|0|0|0|1', '0|0|0|0|0|0|0|0|0|0|6|0|0|1|0|0|0|0|0|0|0|0|0|0|0|1', '0|0|0|0|0|0|0|0|0|0|0|0|0|0|0|0|0|0|0|0|0|0|0|0|0|1', '99|99|99|95|92|29|97|97|98|99|87|94|99|91|99|99|99|99|95|99|95|97|99|96|85|1', '0|0|0|3|0|70|1|0|1|0|0|0|0|0|0|0|0|0|2|0|4|0|0|0|14|1', '0|0|0|0|7|0|0|1|0|0|5|5|0|6|0|0|0|0|1|0|0|0|0|0|0|1'),
	(11, '0|0|0|0|0|0|0|0|0|0|0|0|0|0|0|0|0|1', '0|0|0|0|0|0|0|0|0|0|0|0|0|0|0|0|0|1', '0|0|0|0|0|0|0|0|0|0|0|0|0|0|0|0|0|1', '0|0|0|0|0|0|0|0|0|0|0|0|0|0|0|0|0|1', '99|99|99|99|97|99|99|99|55|99|72|57|96|82|91|99|99|1', '0|0|0|0|0|0|0|0|0|0|0|0|0|0|0|0|0|1', '0|0|0|0|2|0|0|0|43|0|27|42|3|17|8|0|0|1'),
	(12, '1', '1', '1', '1', '1', '1', '1'),
	(13, '0|0|0|0|1', '0|0|0|0|1', '0|0|0|0|1', '0|0|0|0|1', '99|99|99|99|1', '0|0|0|0|1', '0|0|0|0|1'),
	(14, '1', '1', '1', '1', '1', '1', '1'),
	(15, '0|3|0|0|0|0|0|0|2|0|0|0|0|0|0|0|0|0|0|0|6|1|0|0|0|0|0|0|0|0|0|0|0|0|0|0|0|0|0|1|0|0|0|0|0|0|1|0|0|1|0|0|0|0|0|0|0|0|0|0|0|0|0|0|0|0|0|0|0|0|0|0|0|0|0|0|0|0|0|0|0|0|0|0|0|0|0|0|1|0|2|0|0|0|0|0|1|1|0|0|0|0|0|0|0|0|0|0|0|0|0|0|2|0|0|0|0|0|0|0|0|0|1|0|0|0|0|2|0|0|0|0|0|0|0|0|0|0|0|0|0|0|0|0|0|0|0|0|0|0|0|0|0|0|0|0|0|0|0|0|0|0|0|0|0|0|0|0|0|0|0|0|0|0|0|0|0|0|0|0|0|0|9|0|0|0|1', '0|0|0|0|0|0|0|0|0|0|0|0|0|0|0|0|0|0|0|0|0|1|0|0|0|0|0|0|0|0|0|0|0|0|0|0|0|0|0|0|0|0|0|0|0|0|0|0|0|0|0|0|0|0|0|0|0|0|0|0|0|0|0|0|0|0|0|0|0|0|0|0|0|0|0|0|0|0|0|0|0|0|0|0|0|0|0|0|0|0|0|0|0|0|0|0|0|0|0|0|0|0|0|0|0|0|0|0|0|0|0|0|0|0|0|0|0|0|0|0|0|0|0|0|0|0|0|0|0|0|0|0|0|0|0|0|0|0|0|0|0|0|0|0|0|0|0|0|0|0|0|0|0|0|0|0|0|0|0|0|0|0|0|0|0|0|0|0|0|0|0|0|0|0|0|0|0|0|0|0|0|0|0|0|0|0|1', '0|0|0|0|0|0|0|0|0|0|0|0|0|0|0|0|0|0|0|0|0|0|0|0|0|0|0|0|0|0|0|0|0|0|0|0|0|0|0|13|0|0|0|0|0|0|0|0|0|0|0|0|0|0|0|11|0|0|0|0|0|0|0|0|85|0|0|0|4|0|0|0|0|0|0|0|2|1|0|0|0|0|0|0|0|0|0|0|7|0|8|2|0|0|0|0|0|1|0|0|0|0|0|0|0|0|2|0|0|2|0|6|3|0|0|0|0|0|0|0|0|0|0|0|0|10|0|0|0|0|0|0|0|0|0|0|0|0|0|0|0|0|0|0|0|0|0|0|0|0|0|0|0|0|0|0|0|0|0|0|0|0|0|0|0|0|0|0|0|0|0|0|0|0|0|0|0|2|0|0|0|0|0|0|0|0|1', '0|0|0|3|0|0|0|2|0|0|0|0|6|0|1|0|0|5|99|99|0|68|88|28|0|77|63|83|90|0|0|3|0|0|0|0|0|0|88|30|23|0|32|81|3|0|10|19|2|30|1|6|3|5|0|0|0|0|0|0|0|3|71|99|9|0|99|99|89|98|0|99|98|0|52|17|85|81|3|1|96|0|98|98|94|0|93|93|57|0|14|79|97|92|93|98|92|45|97|67|88|93|0|0|0|90|33|62|95|95|98|24|82|0|0|0|0|0|99|96|90|98|88|60|71|37|97|84|0|98|1|12|99|99|99|98|99|99|98|99|99|99|99|99|1|0|0|80|99|0|99|0|0|0|0|99|98|99|99|97|99|99|99|99|99|0|0|2|0|0|99|0|0|99|99|99|0|57|99|0|0|0|77|0|0|0|1', '99|88|99|96|99|99|97|96|79|99|99|99|92|99|98|99|99|94|0|0|89|19|11|69|98|19|19|6|4|99|99|96|99|99|99|99|99|99|10|51|57|99|65|18|96|99|25|24|97|45|5|88|7|11|14|21|99|98|99|99|99|3|24|0|1|99|0|0|5|1|99|0|1|99|44|82|11|14|94|98|3|99|1|1|4|99|5|5|25|96|57|10|1|5|4|0|6|51|2|28|11|5|98|97|99|9|62|36|4|1|0|41|10|99|99|99|99|99|0|3|9|0|8|37|28|28|1|12|99|1|98|75|0|0|0|1|0|0|1|0|0|0|0|0|97|0|1|0|0|99|0|99|99|99|99|0|1|0|0|2|0|0|0|0|0|99|99|97|99|99|0|99|99|0|0|0|99|38|0|99|99|99|6|99|99|99|1', '0|7|0|0|0|0|0|0|18|0|0|0|0|0|0|0|0|0|0|0|2|0|0|0|0|2|15|9|5|0|0|0|0|0|0|0|0|0|0|0|17|0|0|0|0|0|62|54|0|21|93|4|89|82|0|6|0|0|0|0|0|92|3|0|0|0|0|0|0|0|0|0|0|0|3|0|0|1|1|0|0|0|0|0|0|0|0|0|5|2|0|0|0|0|0|0|0|0|0|3|0|0|1|1|0|0|0|0|0|0|0|26|1|0|0|0|0|0|0|0|0|0|0|0|0|22|0|0|0|0|0|11|0|0|0|0|0|0|0|0|0|0|0|0|0|99|97|19|0|0|0|0|0|0|0|0|0|0|0|0|0|0|0|0|0|0|0|0|0|0|0|0|0|0|0|0|0|0|0|0|0|0|0|0|0|0|1', '0|0|0|0|0|0|0|0|0|0|0|0|0|0|0|0|0|0|0|0|0|8|0|1|0|0|0|0|0|0|0|0|0|0|0|0|0|0|0|2|0|0|0|0|0|0|0|0|0|0|0|0|0|0|85|59|0|1|0|0|0|0|0|0|3|0|0|0|0|0|0|0|0|0|0|0|0|0|0|0|0|0|0|0|0|0|0|0|1|0|16|7|0|0|0|0|0|0|0|0|0|0|0|0|0|0|0|0|0|0|0|0|0|0|0|0|0|0|0|0|0|0|0|0|0|0|0|0|0|0|0|0|0|0|0|0|0|0|0|0|0|0|0|0|0|0|0|0|0|0|0|0|0|0|0|0|0|0|0|0|0|0|0|0|0|0|0|0|0|0|0|0|0|0|0|0|0|0|0|0|0|0|7|0|0|0|1'),
	(17, '0|0|0|0|0|0|0|0|0|0|0|0|2|0|0|0|0|5|0|0|0|0|0|0|0|0|0|0|0|0|0|1', '0|0|0|0|0|0|0|0|0|0|0|0|0|0|0|0|0|2|0|0|0|0|0|0|0|0|0|0|0|0|0|1', '0|0|0|0|0|0|0|0|0|0|0|0|0|0|0|0|0|0|0|0|0|0|0|0|0|0|0|0|0|0|0|1', '88|97|59|97|0|98|89|0|95|87|1|0|67|4|95|0|0|46|91|93|99|99|99|0|99|99|99|99|99|5|99|1', '11|2|39|2|99|1|9|99|4|12|98|98|24|95|3|99|99|34|7|6|0|0|0|99|0|0|0|0|0|91|0|1', '0|0|0|0|0|0|0|0|0|0|0|0|0|0|0|0|0|9|0|0|0|0|0|0|0|0|0|0|0|2|0|1', '0|0|0|0|0|0|0|0|0|0|0|0|5|0|0|0|0|1|0|0|0|0|0|0|0|0|0|0|0|0|0|1'),
	(18, '0|0|0|0|0|1|0|0|0|0|0|0|0|0|0|1', '0|0|0|0|0|0|0|0|0|0|0|0|0|0|0|1', '0|0|0|0|0|0|0|0|0|0|0|0|0|0|0|1', '3|78|0|18|64|0|0|0|0|0|3|0|0|0|0|1', '96|21|99|69|35|6|99|94|99|99|96|99|99|98|99|1', '0|0|0|12|0|90|0|1|0|0|0|0|0|0|0|1', '0|0|0|0|0|0|0|4|0|0|0|0|0|0|0|1'),
	(20, '1', '1', '1', '1', '1', '1', '1'),
	(21, '1', '1', '1', '1', '1', '1', '1'),
	(22, '1', '1', '1', '1', '1', '1', '1'),
	(23, '0|0|0|1|0|0|0|0|1|2|17|33|0|0|0|21|1|1', '0|0|0|1|0|2|14|3|8|8|23|7|8|4|3|5|24|1', '0|20|0|3|0|0|1|0|2|0|3|4|12|0|7|0|0|1', '99|79|99|78|99|88|1|2|8|48|14|13|49|87|86|63|38|1', '0|0|0|10|0|4|3|10|4|9|22|24|5|5|0|8|13|1', '0|0|0|4|0|2|78|80|74|27|16|3|0|0|0|0|0|1', '0|0|0|0|0|0|0|1|0|3|1|12|22|2|1|0|21|1'),
	(24, '0|0|0|0|0|1', '0|0|0|0|0|1', '0|1|0|0|0|1', '9|0|0|0|0|1', '90|27|99|0|99|1', '0|0|0|0|0|1', '0|70|0|99|0|1'),
	(25, '0|0|0|0|0|1', '1|0|0|1|0|1', '1|0|0|0|0|1', '92|98|96|87|99|1', '2|0|1|4|0|1', '1|0|1|7|0|1', '0|0|0|0|0|1'),
	(26, '0|1', '0|1', '0|1', '34|1', '32|1', '31|1', '1|1'),
	(27, '1', '1', '1', '1', '1', '1', '1'),
	(28, '0|0|0|0|0|0|0|0|0|0|1', '0|0|0|0|0|0|0|0|0|0|1', '0|0|0|0|0|0|0|0|0|0|1', '9|90|79|56|96|19|95|95|54|91|1', '1|8|19|4|1|9|3|3|13|5|1', '89|0|0|38|1|0|0|0|30|3|1', '0|0|0|0|0|71|0|0|0|0|1'),
	(30, '42|27|0|0|0|4|0|3|0|1|1|1|6|3|0|0|1|1|0|3|6|2|2|8|8|19|8|22|2|0|0|0|1|3|3|0|0|0|0|0|3|1|0|3|0|0|0|0|1', '0|0|0|0|0|0|0|0|0|0|0|0|0|0|0|0|0|0|0|0|0|0|0|0|0|0|0|0|0|0|0|0|2|2|2|0|0|0|0|0|1|0|0|0|0|0|0|0|1', '0|0|0|0|0|0|0|0|0|0|0|0|0|0|0|0|0|0|0|0|0|0|0|0|0|0|0|0|0|0|0|0|0|0|0|0|0|0|0|0|0|0|0|0|0|0|0|0|1', '22|23|0|0|0|0|0|0|0|0|0|0|0|0|0|0|0|0|0|0|0|0|0|0|0|0|0|0|0|0|0|5|1|2|2|4|0|0|1|0|1|2|1|0|0|0|0|0|1', '32|45|99|99|99|95|98|60|95|90|83|97|91|93|99|99|97|98|94|70|90|93|95|88|87|78|88|77|96|99|99|92|93|76|83|83|99|99|98|0|7|80|98|93|99|94|99|99|1', '1|2|0|0|0|0|0|35|3|7|13|0|1|2|0|0|0|0|4|25|2|4|2|3|3|1|3|0|0|0|0|1|1|15|7|11|0|0|0|99|86|16|0|2|0|5|0|0|1', '0|0|0|0|0|0|0|0|0|0|0|0|0|0|0|0|0|0|0|0|0|0|0|0|0|0|0|0|0|0|0|0|0|0|0|0|0|0|0|0|0|0|0|0|0|0|0|0|1'),
	(32, '1', '1', '1', '1', '1', '1', '1'),
	(33, '', '', '', '', '', '', ''),
	(34, '', '', '', '', '', '', ''),
	(35, '0|1', '0|1', '0|1', '74|1', '19|1', '5|1', '0|1'),
	(36, '', '', '', '', '', '', ''),
	(38, '', '', '', '', '', '', ''),
	(39, '', '', '', '', '', '', ''),
	(40, '1', '1', '1', '1', '1', '1', '1'),
	(41, '0|47|7|1|5|1|0|0|3|1', '0|10|5|0|0|0|2|0|4|1', '0|0|21|0|0|0|0|0|0|1', '94|24|31|92|13|25|82|63|68|1', '1|4|10|1|1|15|6|30|16|1', '2|10|2|4|77|57|6|2|4|1', '0|2|21|0|1|0|0|2|1|1'),
	(42, '4|0|0|0|1', '4|0|0|1|1', '0|0|0|1|1', '0|2|0|0|1', '12|8|5|7|1', '77|1|5|33|1', '0|86|88|54|1'),
	(43, '1', '1', '1', '1', '1', '1', '1'),
	(44, '0|', '0|', '0|', '33|', '0|', '65|', '0|'),
	(46, '', '', '', '', '', '', ''),
	(49, '0|1|1|0|0|15|23|0|0|2|0|0|0|0|0|0|0|1', '0|1|0|0|0|0|9|0|0|0|0|0|0|0|0|0|0|1', '0|0|0|0|0|0|0|0|0|0|0|0|0|0|0|0|0|1', '0|0|0|0|0|0|0|0|0|1|0|0|0|0|0|0|0|1', '99|76|37|99|99|59|60|96|99|85|95|86|99|99|99|98|94|1', '0|19|59|0|0|23|5|3|0|11|3|12|0|0|0|1|5|1', '0|0|0|0|0|0|0|0|0|0|0|0|0|0|0|0|0|1'),
	(51, '1', '1', '1', '1', '1', '1', '1'),
	(52, '1', '1', '1', '1', '1', '1', '1'),
	(54, '3|0|0|1', '0|0|0|1', '0|0|0|1', '57|0|81|1', '33|0|15|1', '3|99|0|1', '1|0|1|1'),
	(56, '1', '1', '1', '1', '1', '1', '1'),
	(57, '1', '1', '1', '1', '1', '1', '1'),
	(58, '1', '1', '1', '1', '1', '1', '1'),
	(62, '1', '1', '1', '1', '1', '1', '1'),
	(68, '0|5|0|1', '0|0|0|1', '0|0|0|1', '0|79|98|1', '30|9|0|1', '0|0|0|1', '68|4|0|1'),
	(69, '1', '1', '1', '1', '1', '1', '1'),
	(70, '1|1', '0|1', '0|1', '50|1', '47|1', '0|1', '0|1'),
	(71, '1', '1', '1', '1', '1', '1', '1'),
	(74, '1', '1', '1', '1', '1', '1', '1'),
	(75, '1', '1', '1', '1', '1', '1', '1'),
	(76, '1', '1', '1', '1', '1', '1', '1'),
	(79, '1', '1', '1', '1', '1', '1', '1'),
	(81, '1', '1', '1', '1', '1', '1', '1'),
	(82, '1', '1', '1', '1', '1', '1', '1'),
	(83, '1', '1', '1', '1', '1', '1', '1'),
	(84, '1', '1', '1', '1', '1', '1', '1'),
	(86, '1', '1', '1', '1', '1', '1', '1'),
	(87, '1', '1', '1', '1', '1', '1', '1'),
	(88, '1', '1', '1', '1', '1', '1', '1'),
	(91, '1', '1', '1', '1', '1', '1', '1'),
	(94, '1', '1', '1', '1', '1', '1', '1'),
	(95, '1', '1', '1', '1', '1', '1', '1'),
	(100, '1', '1', '1', '1', '1', '1', '1'),
	(101, '0|0|0|0|0|0|0|5|5|0|1', '0|0|0|0|0|0|0|0|5|0|1', '0|0|0|5|0|0|0|3|1|0|1', '2|1|12|0|32|4|6|26|0|1|1', '48|0|6|54|65|27|84|38|52|97|1', '0|97|80|39|1|67|8|25|34|0|1', '48|0|0|0|0|0|0|0|0|0|1'),
	(104, '1', '1', '1', '1', '1', '1', '1'),
	(105, '0|0|0|0|0|0|1|0|58|0|1|0|1', '0|0|0|0|0|0|0|0|27|0|0|0|1', '0|0|0|0|0|0|0|0|0|0|0|0|1', '0|4|7|4|34|0|98|0|4|0|0|0|1', '99|93|92|95|58|0|0|0|7|8|7|92|1', '0|1|0|0|6|11|0|0|0|91|91|7|1', '0|0|0|0|0|88|0|99|0|0|0|0|1'),
	(111, '1', '1', '1', '1', '1', '1', '1'),
	(113, '1', '1', '1', '1', '1', '1', '1'),
	(117, '1', '1', '1', '1', '1', '1', '1'),
	(118, '1', '1', '1', '1', '1', '1', '1'),
	(121, '1', '1', '1', '1', '1', '1', '1'),
	(122, '0|0|0|0|0|0|0|0|0|0|1', '0|0|0|0|0|0|0|0|0|0|1', '0|0|0|0|0|0|0|0|0|0|1', '77|0|13|3|0|0|0|60|99|7|1', '0|0|0|0|99|0|0|11|0|0|1', '22|99|86|96|0|99|0|27|0|92|1', '0|0|0|0|0|0|99|0|0|0|1'),
	(123, '1', '1', '1', '1', '1', '1', '1'),
	(126, '0|0|0|0|14|0|0|0|0|0|0|1', '0|0|0|0|80|0|0|0|0|0|0|1', '0|0|0|0|0|0|0|0|0|0|0|1', '0|0|99|99|0|0|0|0|0|0|0|1', '32|99|0|0|4|99|99|99|99|99|99|1', '67|0|0|0|0|0|0|0|0|0|0|1', '0|0|0|0|0|0|0|0|0|0|0|1'),
	(127, '0|0|0|1', '0|0|0|1', '0|0|0|1', '6|59|37|1', '93|30|6|1', '0|8|55|1', '0|0|0|1'),
	(128, '1', '1', '1', '1', '1', '1', '1'),
	(129, '3|0|0|0|0|1', '0|0|0|0|0|1', '0|0|0|0|0|1', '66|70|98|71|80|1', '7|15|0|18|13|1', '21|13|0|7|4|1', '1|0|0|1|0|1'),
	(130, '0|0|0|0|0|0|0|0|0|0|0|0|0|0|0|0|0|0|0|0|0|0|0|0|0|0|0|0|0|0|0|0|0|0|0|0|0|0|0|0|0|0|0|0|0|0|0|0|0|0|0|0|0|0|0|0|0|0|0|0|0|0|0|0|0|0|0|0|0|0|0|0|0|0|0|0|0|0|0|0|0|0|0|0|0|0|0|0|0|0|0|0|0|0|0|0|0|0|0|0|0|0|0|0|0|0|0|0|0|0|0|0|0|0|0|0|0|0|0|0|0|0|0|0|0|0|0|0|0|0|0|1', '0|0|0|0|0|0|0|0|0|0|0|0|0|0|0|0|0|0|0|0|0|0|0|0|0|0|0|0|0|0|0|0|0|0|0|0|0|0|0|0|0|0|0|0|0|0|0|0|0|0|0|0|0|0|0|0|0|0|0|0|0|0|0|0|0|0|0|0|0|0|0|0|0|0|0|0|0|0|0|0|0|0|0|0|0|0|0|0|0|0|0|0|0|0|0|0|0|0|0|0|0|0|0|0|0|0|0|0|0|0|0|0|0|0|0|0|0|0|0|0|0|0|0|0|0|0|0|0|0|0|0|1', '0|0|0|0|0|0|0|0|0|0|0|0|0|0|0|0|0|0|0|0|0|0|0|0|0|0|0|0|0|0|0|0|0|0|0|0|0|0|0|0|0|0|0|0|0|0|0|0|0|0|0|0|0|0|0|0|0|0|0|0|0|0|0|0|0|0|0|0|0|0|0|0|0|0|0|0|0|0|0|0|0|0|0|0|0|0|0|0|0|0|0|0|0|0|0|0|0|0|0|0|0|0|0|0|0|0|0|0|0|0|0|0|0|0|0|0|0|0|0|0|0|0|0|0|0|0|0|0|0|0|0|1', '0|0|0|0|0|0|0|0|0|0|0|0|0|0|0|0|0|0|0|0|0|0|0|0|0|0|0|0|0|0|0|0|0|0|0|0|0|0|0|0|0|0|0|0|0|0|0|0|0|0|0|0|0|0|0|0|0|0|0|0|0|0|0|0|0|0|0|0|0|0|0|0|0|0|0|0|0|0|0|0|0|0|0|0|0|0|0|0|0|0|0|0|0|0|0|0|0|0|0|0|0|0|0|0|0|0|0|0|0|0|0|0|0|0|0|0|0|0|0|0|0|0|0|0|0|0|0|0|0|0|0|1', '99|98|99|99|99|99|99|99|99|99|97|99|94|99|99|99|99|99|99|99|96|28|97|99|99|99|98|99|99|99|99|99|99|99|99|99|99|99|99|99|99|99|99|99|99|99|99|99|99|99|99|99|99|99|99|99|99|99|56|99|99|99|99|99|99|99|99|99|99|99|99|99|99|99|99|99|99|99|99|99|99|99|99|99|99|99|99|99|99|99|99|99|99|99|99|99|99|99|99|99|99|99|99|99|99|99|99|99|99|99|99|99|99|99|99|99|99|99|99|99|99|99|99|99|99|99|99|99|99|99|99|1', '0|1|0|0|0|0|0|0|0|0|0|0|1|0|0|0|0|0|0|0|0|0|0|0|0|0|0|0|0|0|0|0|0|0|0|0|0|0|0|0|0|0|0|0|0|0|0|0|0|0|0|0|0|0|0|0|0|0|0|0|0|0|0|0|0|0|0|0|0|0|0|0|0|0|0|0|0|0|0|0|0|0|0|0|0|0|0|0|0|0|0|0|0|0|0|0|0|0|0|0|0|0|0|0|0|0|0|0|0|0|0|0|0|0|0|0|0|0|0|0|0|0|0|0|0|0|0|0|0|0|0|1', '0|0|0|0|0|0|0|0|0|0|2|0|3|0|0|0|0|0|0|0|3|71|2|0|0|0|1|0|0|0|0|0|0|0|0|0|0|0|0|0|0|0|0|0|0|0|0|0|0|0|0|0|0|0|0|0|0|0|42|0|0|0|0|0|0|0|0|0|0|0|0|0|0|0|0|0|0|0|0|0|0|0|0|0|0|0|0|0|0|0|0|0|0|0|0|0|0|0|0|0|0|0|0|0|0|0|0|0|0|0|0|0|0|0|0|0|0|0|0|0|0|0|0|0|0|0|0|0|0|0|0|1'),
	(131, '0|0|0|0|1', '0|0|0|0|1', '0|0|0|0|1', '0|0|67|33|1', '98|99|0|0|1', '0|0|32|66|1', '0|0|0|0|1'),
	(133, '0|0|0|0|0|1', '0|0|0|0|0|1', '0|0|0|0|0|1', '63|0|17|90|79|1', '0|99|30|5|7|1', '36|0|49|3|13|1', '0|0|0|0|0|1'),
	(139, '1', '1', '1', '1', '1', '1', '1'),
	(140, '1', '1', '1', '1', '1', '1', '1'),
	(142, '0|1|98|0|0|0|0|0|0|0|0|0|62|0|1|5|0|1', '0|0|0|3|0|0|1|0|0|0|0|0|1|0|0|0|0|1', '0|0|0|0|0|0|0|0|0|0|0|0|0|0|0|0|0|1', '68|37|0|1|99|0|11|99|12|11|0|0|14|3|0|0|99|1', '17|52|1|87|0|0|66|0|35|88|49|14|9|95|97|90|0|1', '7|3|0|4|0|0|0|0|51|0|0|0|3|0|1|2|0|1', '6|5|0|1|0|99|19|0|0|0|49|85|9|0|0|0|0|1'),
	(143, '0|0|0|0|0|0|0|0|0|0|0|0|0|0|1', '0|0|0|0|0|0|0|0|0|0|0|0|0|0|1', '0|0|0|0|0|0|0|0|0|0|0|0|0|0|1', '0|0|0|0|0|1|0|0|0|0|0|0|0|0|1', '99|99|99|80|99|96|40|54|77|83|94|89|87|90|1', '0|0|0|18|0|0|38|45|22|15|5|9|11|9|1', '0|0|0|0|0|0|21|0|0|0|0|0|0|0|1'),
	(144, '1', '1', '1', '1', '1', '1', '1'),
	(145, '0|0|0|0|0|0|0|0|1', '0|0|0|0|0|0|0|0|1', '0|0|0|0|0|0|0|0|1', '0|1|0|0|0|0|2|0|1', '99|98|96|99|99|99|87|99|1', '0|0|1|0|0|0|9|0|1', '0|0|1|0|0|0|0|0|1'),
	(146, '0|79|0|0|0|0|0|0|1', '0|0|0|0|0|0|0|0|1', '0|0|0|0|0|0|0|0|1', '0|0|0|0|0|0|0|0|1', '58|18|99|99|99|99|99|98|1', '40|1|0|0|0|0|0|1|1', '0|0|0|0|0|0|0|0|1'),
	(147, '0|0|0|0|0|0|0|0|0|0|0|0|0|0|0|1', '0|0|0|0|0|0|0|0|0|0|0|0|0|0|0|1', '0|0|0|0|0|0|0|0|0|0|0|0|0|0|0|1', '0|0|0|0|0|0|0|0|0|0|0|0|0|0|0|1', '18|86|99|99|99|99|99|99|99|99|99|99|99|99|99|1', '81|13|0|0|0|0|0|0|0|0|0|0|0|0|0|1', '0|0|0|0|0|0|0|0|0|0|0|0|0|0|0|1'),
	(149, '0|0|0|0|0|0|0|0|0|0|0|0|0|0|1', '0|0|0|0|0|0|0|0|0|0|0|0|0|0|1', '0|0|0|0|0|0|0|0|0|0|0|0|0|0|1', '0|0|0|0|0|0|0|0|0|32|0|0|0|0|1', '99|99|4|99|99|99|99|99|99|64|99|99|99|99|1', '0|0|94|0|0|0|0|0|0|2|0|0|0|0|1', '0|0|0|0|0|0|0|0|0|0|0|0|0|0|1'),
	(157, '1', '1', '1', '1', '1', '1', '1'),
	(158, '0|0|0|1', '0|0|0|1', '0|0|0|1', '0|0|0|1', '99|99|99|1', '0|0|0|1', '0|0|0|1'),
	(160, '1', '1', '1', '1', '1', '1', '1'),
	(164, '1', '1', '1', '1', '1', '1', '1'),
	(166, '1', '1', '1', '1', '1', '1', '1'),
	(167, '0|0|0|1', '0|0|0|1', '0|0|0|1', '0|0|0|1', '77|81|98|1', '16|0|0|1', '4|18|0|1'),
	(168, '24|5|1', '0|0|1', '0|0|1', '9|7|1', '26|70|1', '33|14|1', '5|1|1'),
	(169, '0|2|1|0|0|0|0|1', '0|17|0|0|0|0|0|1', '0|1|15|39|2|0|4|1', '91|6|1|37|74|0|0|1', '7|58|16|8|8|0|4|1', '1|9|64|10|13|99|90|1', '0|4|0|3|0|0|0|1'),
	(170, '1', '1', '1', '1', '1', '1', '1'),
	(172, '1', '1', '1', '1', '1', '1', '1'),
	(173, '1', '1', '1', '1', '1', '1', '1'),
	(174, '1', '1', '1', '1', '1', '1', '1'),
	(176, '1', '1', '1', '1', '1', '1', '1'),
	(177, '1', '1', '1', '1', '1', '1', '1'),
	(179, '1', '1', '1', '1', '1', '1', '1'),
	(180, '1', '1', '1', '1', '1', '1', '1'),
	(181, '1', '1', '1', '1', '1', '1', '1'),
	(182, '1', '1', '1', '1', '1', '1', '1'),
	(183, '1', '1', '1', '1', '1', '1', '1'),
	(186, '1', '1', '1', '1', '1', '1', '1'),
	(187, '1', '1', '1', '1', '1', '1', '1'),
	(188, '1', '1', '1', '1', '1', '1', '1'),
	(190, '0|0|0|0|0|0|0|0|0|0|0|1', '0|0|0|0|0|0|0|0|0|0|0|1', '0|0|0|0|0|0|0|0|0|0|0|1', '14|4|4|18|7|13|3|32|54|22|26|1', '46|32|13|72|76|18|39|13|33|27|29|1', '37|61|82|8|15|67|57|54|10|49|43|1', '0|0|0|0|0|0|0|0|0|0|0|1'),
	(192, '1', '1', '1', '1', '1', '1', '1');
/*!40000 ALTER TABLE `emo_data` ENABLE KEYS */;

-- 테이블 HearIAm.reservation 구조 내보내기
CREATE TABLE IF NOT EXISTS `reservation` (
  `num` bigint(20) NOT NULL AUTO_INCREMENT,
  `mentee` varchar(15) NOT NULL DEFAULT '0',
  `sche_num` bigint(20) NOT NULL DEFAULT 0,
  `concern` varchar(50) DEFAULT NULL,
  PRIMARY KEY (`num`),
  KEY `reservation_schedule` (`sche_num`),
  KEY `reservation_user_mentee` (`mentee`),
  CONSTRAINT `reservation_schedule` FOREIGN KEY (`sche_num`) REFERENCES `schedule` (`num`) ON DELETE CASCADE ON UPDATE CASCADE,
  CONSTRAINT `reservation_user_mentee` FOREIGN KEY (`mentee`) REFERENCES `users` (`id`) ON DELETE CASCADE ON UPDATE CASCADE
) ENGINE=InnoDB AUTO_INCREMENT=48 DEFAULT CHARSET=utf8mb4 COMMENT='예약 관리 테이블 (일정 - mentee)';

-- 테이블 데이터 HearIAm.reservation:~17 rows (대략적) 내보내기
/*!40000 ALTER TABLE `reservation` DISABLE KEYS */;
INSERT IGNORE INTO `reservation` (`num`, `mentee`, `sche_num`, `concern`) VALUES
	(31, 'jimin2', 18, '진로에 대한 고민이 있어요.'),
	(32, 'jimin2', 4, NULL),
	(33, 'local1', 19, '시험 성적 때문에 고민이에요.'),
	(34, 'ssafy2', 10, NULL),
	(35, 'ssafy2', 17, '괴롭힘을 당하고 있어요.'),
	(36, 'ssafy2', 31, NULL),
	(37, 'coach', 30, '진로에 대한 고민이 있어요.'),
	(38, 'ssafy2', 34, '시험 성적 때문에 고민이에요.'),
	(39, 'ssafy2', 7, '진로에 대한 고민이 있어요.'),
	(40, 'ssafy2', 46, '시험 성적 때문에 고민이에요.'),
	(41, 'ssafy2', 32, '진로에 대한 고민이 있어요.'),
	(42, 'ssafy2', 20, '진로에 대한 고민이 있어요.'),
	(43, 'ssafy2', 45, NULL),
	(44, 'gigjf', 68, '시험 성적 때문에 고민이에요.'),
	(45, 'jimin2', 63, '괴롭힘을 당하고 있어요.'),
	(46, 'asdf', 3, '배가고파요'),
	(47, 'aa', 2, '시험 성적 때문에 고민이에요.');
/*!40000 ALTER TABLE `reservation` ENABLE KEYS */;

-- 테이블 HearIAm.roles 구조 내보내기
CREATE TABLE IF NOT EXISTS `roles` (
  `num` bigint(20) NOT NULL AUTO_INCREMENT,
  `name` varchar(60) NOT NULL,
  PRIMARY KEY (`num`),
  UNIQUE KEY `uk_roles_name` (`name`)
) ENGINE=InnoDB AUTO_INCREMENT=6 DEFAULT CHARSET=utf8;

-- 테이블 데이터 HearIAm.roles:~2 rows (대략적) 내보내기
/*!40000 ALTER TABLE `roles` DISABLE KEYS */;
INSERT IGNORE INTO `roles` (`num`, `name`) VALUES
	(5, 'ROLE_ADMIN'),
	(4, 'ROLE_USER');
/*!40000 ALTER TABLE `roles` ENABLE KEYS */;

-- 테이블 HearIAm.schedule 구조 내보내기
CREATE TABLE IF NOT EXISTS `schedule` (
  `num` bigint(20) NOT NULL AUTO_INCREMENT,
  `mentor` varchar(15) NOT NULL DEFAULT '0',
  `sdate` varchar(50) NOT NULL DEFAULT '',
  `stime` varchar(50) NOT NULL DEFAULT '',
  `is_reser` int(11) DEFAULT 0,
  `timeidx` int(11) DEFAULT NULL,
  `dateidx` int(11) DEFAULT NULL,
  PRIMARY KEY (`num`),
  KEY `schedule_user_mentor` (`mentor`),
  CONSTRAINT `schedule_user_mentor` FOREIGN KEY (`mentor`) REFERENCES `users` (`id`) ON DELETE CASCADE ON UPDATE CASCADE
) ENGINE=InnoDB AUTO_INCREMENT=72 DEFAULT CHARSET=utf8mb4 COMMENT='상담 일정 관리 테이블';

-- 테이블 데이터 HearIAm.schedule:~48 rows (대략적) 내보내기
/*!40000 ALTER TABLE `schedule` DISABLE KEYS */;
INSERT IGNORE INTO `schedule` (`num`, `mentor`, `sdate`, `stime`, `is_reser`, `timeidx`, `dateidx`) VALUES
	(1, 'jimin1', '2020-11-16', '14:00', 0, 5, 1),
	(2, 'jimin1', '2020-11-17', '14:00', 1, 5, 2),
	(3, 'jimin1', '2020-11-17', '19:00', 1, 10, 2),
	(4, 'jimin1', '2020-11-17', '19:00', 1, 10, 3),
	(5, 'jimin1', '2020-11-18', '17:00', 0, 8, 3),
	(6, 'jimin1', '2020-11-19', '18:00', 0, 9, 4),
	(7, 'jimin1', '2020-11-20', '17:00', 1, 8, 5),
	(8, 'jimin1', '2020-11-20', '18:00', 0, 9, 5),
	(9, 'jimin1', '2020-11-20', '19:00', 0, 10, 5),
	(10, 'jimin1', '2020-11-18', '22:00', 1, 13, 4),
	(12, 'jimin1', '2020-11-17', '22:00', 0, 13, 2),
	(13, 'jimin1', '2020-11-16', '22:00', 0, 13, 1),
	(14, 'jimin1', '2020-11-16', '21:00', 0, 12, 1),
	(15, 'jimin1', '2020-11-22', '20:00', 0, 11, 0),
	(16, 'jimin1', '2020-11-16', '17:00', 0, 8, 1),
	(17, 'jimin1', '2020-11-20', '14:00', 1, 5, 5),
	(18, 'jimin1', '2020-11-18', '13:00', 1, 4, 4),
	(19, 'jimin1', '2020-11-18', '14:00', 1, 5, 4),
	(20, 'jimin1', '2020-11-21', '16:00', 1, 7, 6),
	(21, 'jimin1', '2020-11-18', '12:00', 0, 3, 3),
	(30, 'ssafy3', '2020-11-20', '11:00', 1, 2, 5),
	(31, 'ssafy3', '2020-11-20', '13:00', 1, 4, 5),
	(32, 'ssafy3', '2020-11-20', '14:00', 1, 5, 5),
	(34, 'ssafy3', '2020-11-20', '16:00', 1, 7, 5),
	(45, 'ssafy3', '2020-11-21', '16:00', 1, 7, 6),
	(46, 'ssafy3', '2020-11-21', '14:00', 1, 5, 6),
	(50, 'ssafy3', '2020-11-16', '13:00', 0, 4, 1),
	(51, 'ssafy3', '2020-11-16', '19:00', 0, 10, 1),
	(52, 'ssafy3', '2020-11-17', '18:00', 0, 9, 2),
	(53, 'ssafy3', '2020-11-18', '18:00', 0, 9, 3),
	(54, 'ssafy3', '2020-11-19', '18:00', 0, 9, 4),
	(55, 'ssafy3', '2020-11-19', '14:00', 0, 5, 4),
	(56, 'ssafy3', '2020-11-19', '13:00', 0, 4, 4),
	(57, 'ssafy3', '2020-11-20', '20:00', 0, 11, 5),
	(58, 'ssafy3', '2020-11-20', '21:00', 0, 12, 5),
	(59, 'ssafy3', '2020-11-21', '21:00', 0, 12, 6),
	(60, 'ssafy3', '2020-11-21', '20:00', 0, 11, 6),
	(61, 'mentor9999', '2020-11-16', '11:00', 0, 2, 1),
	(62, 'mentor9999', '2020-11-16', '12:00', 0, 3, 1),
	(63, 'mentor9999', '2020-11-16', '15:00', 1, 6, 1),
	(64, 'mentor9999', '2020-11-16', '17:00', 0, 8, 1),
	(65, 'mentor9999', '2020-11-16', '19:00', 0, 10, 1),
	(66, 'mentor9999', '2020-11-19', '16:00', 0, 7, 4),
	(67, 'mentor9999', '2020-11-18', '15:00', 0, 6, 3),
	(68, 'mentor9999', '2020-11-21', '14:00', 1, 5, 6),
	(69, 'mentor9999', '2020-11-20', '15:00', 0, 6, 5),
	(70, 'mentor9999', '2020-11-20', '20:00', 0, 11, 5),
	(71, 'ssafy3', '2020-11-20', '17:00', 0, 8, 5);
/*!40000 ALTER TABLE `schedule` ENABLE KEYS */;

-- 테이블 HearIAm.users 구조 내보내기
CREATE TABLE IF NOT EXISTS `users` (
  `num` bigint(20) NOT NULL AUTO_INCREMENT,
  `id` varchar(15) NOT NULL,
  `name` varchar(15) NOT NULL,
  `password` varchar(100) NOT NULL,
  `role` varchar(10) NOT NULL,
  `qualification` tinyint(1) NOT NULL,
  `gender` varchar(10) DEFAULT NULL,
  `device_id` mediumtext DEFAULT NULL,
  `is_set` int(11) DEFAULT 1,
  `color` varchar(50) DEFAULT NULL,
  `icon` varchar(200) DEFAULT NULL,
  PRIMARY KEY (`num`) USING BTREE,
  UNIQUE KEY `uk_users_id` (`id`) USING BTREE
) ENGINE=InnoDB AUTO_INCREMENT=85 DEFAULT CHARSET=utf8mb4;

-- 테이블 데이터 HearIAm.users:~82 rows (대략적) 내보내기
/*!40000 ALTER TABLE `users` DISABLE KEYS */;
INSERT IGNORE INTO `users` (`num`, `id`, `name`, `password`, `role`, `qualification`, `gender`, `device_id`, `is_set`, `color`, `icon`) VALUES
	(1, 'admin', '관리자', '$2a$10$V7VqS7rR.WwpsFb6bc5BL.dmEjZ7LDKopvCYyvB1emEUasqtNT6Y.', 'admin', 0, NULL, NULL, 0, NULL, NULL),
	(2, 'ssafy2', '싸피투', '$2a$10$nIcL1AFYmH23a/Z1a1IeoOaJ.c97XZBBjWT2eUEXOjMO0Fx9KtztW', 'mentee', 0, NULL, 'czvSgJM2qE0bXjKsFJQzE2:APA91bFanCeGpmj5U7rrucQo5-z0ypJckbqvVrvPpBq9_PYxYtxqKxpoBgCgZrG6IjExHcyr2hVa532HnP2ZGVoO2_cAMl3cGeaPh2Vstb8NZwTZiWbfN09mM1Vk5kcOKv0iF6H23sgj', 0, '#e1f7d5', 'chicken.png'),
	(3, 'ssafy1', '싸피짱', '$2a$10$SC3WZnJSGncVYmgcjaQ0Ce9xcKlDtz2LFpijqdX9v5jAXqUq7UNVq', 'mentee', 0, NULL, NULL, 0, '#dabbfe', 'bear.png'),
	(4, 'ssafy3', '김상담', '$2a$10$j90ssNfmViT6Lt8lS44l2.6wyJ6g1BGwj/repO8Obu1rAdVvuZE9m', 'mentor', 0, NULL, 'czvSgJM2qE0bXjKsFJQzE2:APA91bFanCeGpmj5U7rrucQo5-z0ypJckbqvVrvPpBq9_PYxYtxqKxpoBgCgZrG6IjExHcyr2hVa532HnP2ZGVoO2_cAMl3cGeaPh2Vstb8NZwTZiWbfN09mM1Vk5kcOKv0iF6H23sgj', 1, NULL, NULL),
	(5, 'shgnlwhd', 'asdasd', '$2a$10$whLvdvQNIq83Rx26UHIjVuqgOJ.rmMLSYZxzDiY56CyCXS/tjM.LO', 'mentee', 0, NULL, NULL, 0, '#dabbfe', 'bear.png'),
	(6, 'asd', 'asdasd', '$2a$10$zutW/J6fozB7jQs7oP651.VSecxyXH/REfSUjVtjbFXvz2sXKaXIy', 'mentee', 0, NULL, NULL, 0, '#dabbfe', 'bear.png'),
	(7, 'tktktk', 'qwewq', '$2a$10$bOvyuBI7DFDFJV38MzFWreQydn3X8A52jnvqoFe4HJsfKrLkQc7Qq', 'mentee', 0, NULL, NULL, 0, '#dabbfe', 'bear.png'),
	(8, 'tttqqq', 'fffffff', '$2a$10$Ff2GkbtVRQ6bdb7JQxGn8eW66890qY0CWJBYiSP40hNaM6maFALsK', 'mentee', 0, NULL, NULL, 0, '#dabbfe', 'bear.png'),
	(9, 'qweqweqweqwe', 'nonono', '$2a$10$xdQXc2siazwjFEMKtxZwj.Z0.Ap9dbakWtxHJFHQ1EExd.Lv0.46q', 'mentee', 0, NULL, NULL, 0, '#dabbfe', 'bear.png'),
	(10, 'asadadadadada', 'qeqeqe13', '$2a$10$5DTQoCO5vDNwc4QfPh0Sk.Y5OBfpQVqCXBRikGFCV6926KD8Mn5QW', 'mentee', 0, NULL, NULL, 0, '#dabbfe', 'bear.png'),
	(13, 'gnlwhd2', '노휘종', '$2a$10$wbTNgN6lt5RSmmoVAYGgmeAROZtQ.zEBllvfYKczH0hwEMmvv2s96', 'mentor', 0, NULL, 'exsEljhRZNRkS_wu6xW-xH:APA91bEh11yx0jl3qUIRo62aYpe50-kRG71IRtNnJGkZ29q-zIrA1_AaLBYS6bkj3JPLuNzbRm5bxrHZXFPQJ3Mghbgdd7H4jod6TSW2XBQQ2PYVLW32xuMrjBRrkRU9RBaB0UgFrr9H', 0, NULL, NULL),
	(14, 'youngnam', '김싸피피', '$2a$10$X1azAaAX9CGVlFvXZoB2JO07J9V0e25IbdCuBut2sKThDsUJ0fBWu', 'mentor', 0, NULL, 'eD6TxjHdCAdKvrRmK7JITs:APA91bH7FbtJ7oMo_1xTvDuQ1lopOVIqYB3aLTRzByNa02wxZo3PVZtWEIHSs_ZNZU4kXoIqtMcdLvTOseyrpn0_nZezAehjVS0I6bPSHa6CjhoJU3vqdhpUwFMKXbezt9KgfRg6KdO0', 0, NULL, NULL),
	(15, 'ssafy123', '사피123', '$2a$10$dcLJgiZSm2WQONGVLdFzjOtHogTopMc/8fhksXDEbYMFExxIeUrj.', 'mentee', 0, NULL, 'fghlF2vAx_x8-zTY9NKNr9:APA91bFkHQI9_9flro2fyS_hFpVkA89DE2eucPoH6Z9sQEPDjv8shp6a5aVorYjoADNKxR1FUFtE_JwTLGKyF8lR0hFlDiYNw0BRUeN4VZ3kTL4UA7eQ-TJNN4shhjzIkOBQwox4_buS', 0, '#dabbfe', 'bear.png'),
	(16, 'ssafy1234', '싸피1234', '$2a$10$TMC7l28uV0wsG2KcnM3dU.5nubIzAIWffdx/2LGABIM.7segWDwz2', 'mentor', 0, NULL, 'fghlF2vAx_x8-zTY9NKNr9:APA91bFkHQI9_9flro2fyS_hFpVkA89DE2eucPoH6Z9sQEPDjv8shp6a5aVorYjoADNKxR1FUFtE_JwTLGKyF8lR0hFlDiYNw0BRUeN4VZ3kTL4UA7eQ-TJNN4shhjzIkOBQwox4_buS', 0, NULL, NULL),
	(17, 'jimin1', '지민선생님', '$2a$10$g5hylCNcxwKz.0Yt.n5gjOx8RG5xhbEzEJAqt73iZDIN8VuR1dFP2', 'mentor', 0, NULL, 'cu8e0qSw1RSJwkck04DrSN:APA91bFx3OH9eNYsMtgBQTgBgyl7dVwH9_bEvMkjxRrlqk6ayE2Tp3bQqBIoaN5XUOxK0vJrtjUZbs5oR6-AkxBJDkR6CcerosV81c9lc74Qa93_GuIBEVZ7zE22hqSczZrZbOOWcpZ_', 1, NULL, NULL),
	(18, 'jimin2', '지민학생', '$2a$10$yvOxM2wBds9/S2TNuYApC.L4x/ppUhcinRiZzwETCdWNWCz6te63i', 'mentee', 0, NULL, 'cR9ei4qTC1FUDCIhyiRXDs:APA91bEFNGd8bueODwJiXpsCTmu7ouHSGVenG5Hl3PXcGKhl-7kTj-0gDtUWR1Gte2tclVeVOjU0l4a189HKWNR0NX-sknnAndyAXIi2BnljSuOEUz6o_k5iHqnJ9rrDsTPX9prtIVdv', 0, '#dabbfe', 'bear.png'),
	(19, 'local1', '로컬지민학생', '$2a$10$9x9mxGBy72YRBx7d.cmXxe.0zhTFho8lvYzQtwTw6A89QE/aoWkh2', 'mentee', 0, NULL, 'cu8e0qSw1RSJwkck04DrSN:APA91bFx3OH9eNYsMtgBQTgBgyl7dVwH9_bEvMkjxRrlqk6ayE2Tp3bQqBIoaN5XUOxK0vJrtjUZbs5oR6-AkxBJDkR6CcerosV81c9lc74Qa93_GuIBEVZ7zE22hqSczZrZbOOWcpZ_', 0, '#dabbfe', 'bear.png'),
	(20, 'testcon', 'test', '$2a$10$EqbYAjYuj85jGFVuKsd2POuCaIea7WpRaFS/3FrYIByV9.L1Prcq6', 'mentor', 0, NULL, 'ffYuD1rGCLuhcZ2gu0KoWk:APA91bF70OxvFe-47AnncQhUIvY1knhq1qp-iXZOSxvn-dbb-c7dSTXnoXnYxji7KUUcePGHnJilgBnJvFFnXwxfLA-n2iSX4r8rcrfSd6GZoS44qZc7govkRiBKL8IlU-wFkmtlrCwB', 0, NULL, NULL),
	(21, 'gnlwhd123', '청소년', '$2a$10$6AsGhKfzg6S7zDiVkNYoHuOUMI6F5Jjpqxgw/a.9Z0/cElkHUVadW', 'mentee', 0, NULL, 'fZbFlCVxR40eEkX7sZlQuX:APA91bGQ6kug_NyrGac7txpoRH7LQ35ZijZ6QrTA4EJ7ZQbPGSvqdw29zTXoKe6w1fZjj9XowthcZJP_9x_9Hq-JfaSgWo2HvECUgiVCoNGKdOwmiBa6SrYzX0uhC_LbCFS3AmE6caFk', 0, '#dabbfe', 'bear.png'),
	(22, 'dop0617', '청소년', '$2a$10$9yuC2/68W8cB6N2.xYA0ruetlRLEhc8s5ytT07NUFLxqBAC6mBqKu', 'mentee', 0, NULL, NULL, 0, '#dabbfe', 'bear.png'),
	(23, 'qwer1234', '청소년', '$2a$10$4UccJIICENY4Z2Xdys9h7e9a/zNNNR0cr7cPN9aj/nCZ9OXXKL/cy', 'mentee', 0, NULL, 'exsEljhRZNRkS_wu6xW-xH:APA91bEh11yx0jl3qUIRo62aYpe50-kRG71IRtNnJGkZ29q-zIrA1_AaLBYS6bkj3JPLuNzbRm5bxrHZXFPQJ3Mghbgdd7H4jod6TSW2XBQQ2PYVLW32xuMrjBRrkRU9RBaB0UgFrr9H', 0, '#dabbfe', 'bear.png'),
	(24, 'qwerty1234', '청소년', '$2a$10$Di5WXXHC6onGVrflr1q9T.SGjnH.m52Tl.eRkfOBqxl0sr45z1IKS', 'mentee', 0, NULL, 'exsEljhRZNRkS_wu6xW-xH:APA91bEh11yx0jl3qUIRo62aYpe50-kRG71IRtNnJGkZ29q-zIrA1_AaLBYS6bkj3JPLuNzbRm5bxrHZXFPQJ3Mghbgdd7H4jod6TSW2XBQQ2PYVLW32xuMrjBRrkRU9RBaB0UgFrr9H', 0, '#dabbfe', 'bear.png'),
	(25, 'poiuy', '청소년', '$2a$10$MH.CARbaYay0fddiTv1duewHWlKjkQV/V97VxveaFerni.aLS0ZTe', 'mentee', 0, NULL, NULL, 0, NULL, NULL),
	(26, 'asdfgh', '청소년', '$2a$10$aYnsnOeQq7WShrtD.6pF6OpcRtu66oCHxrOxx6HJ/g3xuregZFAlK', 'mentee', 0, NULL, NULL, 0, '#dabbfe', 'bear.png'),
	(27, 'zxcvb', '청소년', '$2a$10$ffmSNHT0XlM5BlUfxPa4vOcSj9KQ6Ot72guRsrAg1ygs/gJAuVhfW', 'mentee', 0, NULL, NULL, 0, NULL, NULL),
	(28, 'gfhjj', '청소년', '$2a$10$neWXR6ihzKchzeW0mn48/u9nFuBRpxt7jzY2PqLIuHw.0tchhiR6O', 'mentee', 0, NULL, NULL, 0, '#bae1ff', 'bear.png'),
	(29, 'ghfghfgh', '청소년', '$2a$10$EC9oGd36aa72a/EN9Q/NU.jKR7lbsELcZftPo74avQf9Ll5N3W06W', 'mentee', 0, NULL, NULL, 0, '#bae1ff', 'dog.png'),
	(30, 'asdfasdfsda', '청소년', '$2a$10$s2CvXbXtDoheFtGuSgTQNuaYFzfXL9nT85BeSQDgoLkiYWYc/DJ..', 'mentee', 0, NULL, NULL, 0, '#bae1ff', 'bird.png'),
	(31, 'vfvffvf', '닉네임을 입력함', '$2a$10$RNWCVMh1T30a1tIlTIdio.O4euwEi1DYOqgfj8IFiBAoocdKh.Nyy', 'mentee', 0, NULL, NULL, 0, '#c9c9ff', 'bear.png'),
	(32, 'serimserim', 'serim', '$2a$10$oKH1Kqfa9A8ds25/IMMBCOvCbwofs70JvgOi2qQ.2M3PWfsldPv7i', 'mentee', 0, NULL, NULL, 0, '#b6f9e1', 'koala.png'),
	(33, 'd', 'd', '$2a$10$7UE8NZ4sQxBUluzH2ynxQedCoTVWf7n2eGyWfHLeRaJgbs16HQ/W6', 'mentee', 0, NULL, 'dKw7SDiH0C3HXPXxaA6zLj:APA91bFJmuQ-SEt4-5qxl-1l_GQ4lA53MDql4FP-zErKTebpnnrVcB172jzuqw7OkKtPv4plXR7FlxdnMLtmy0j1bFwSmZMOcvlqA5QgEnJFdmHpGotV3pyZv4y75sSBlFcwaL2vr1yV', 0, '#e1f7d5', 'chicken.png'),
	(34, 'ssafy1004', '사피천사', '$2a$10$vGlbZGgWL9999d1/PHZsR.khF1emHVotivDDJ3gl.haExQvgvLFQO', 'mentee', 0, NULL, NULL, 0, '#bae1ff', 'lion.png'),
	(35, 'kimyoungnam', '영남짱', '$2a$10$0vNdvvjh1x6qwhpuH0wT8utHerH3tlAoUCpDP/qxL1dc03RUCuPtq', 'mentor', 0, NULL, 'fb-gon3In43nVmQ8sRJNsc:APA91bH-48F-xpO5qP8mFvE_mtDcTFKgd7gjON3dJl1FypOCM2CsCEcd8Mn8RAW_qCjOE5L_qwTnAVr5khO-2jAXRrb7w-qdk3miDpDTlRdqcWVU4M5XcKWs6jGKRwyr99x4N2cwxIQT', 0, '#ece8dc', 'koala.png'),
	(36, 'mentor1', 'qwer12344', '$2a$10$6C1F2jmoT9hPevNZD/IwRewFL68mTu2BQuYcUCU9i5L1NYDi3y/ve', 'mentor', 0, NULL, 'fb-gon3In43nVmQ8sRJNsc:APA91bH-48F-xpO5qP8mFvE_mtDcTFKgd7gjON3dJl1FypOCM2CsCEcd8Mn8RAW_qCjOE5L_qwTnAVr5khO-2jAXRrb7w-qdk3miDpDTlRdqcWVU4M5XcKWs6jGKRwyr99x4N2cwxIQT', 0, '#c9c9ff', 'dog.png'),
	(37, 'ssafy33', '싸피끝난다', '$2a$10$kLYhngh5Mi22OkctCKkgCuem5X/vPd2i0rrkH/rzWatUib4aakDj2', 'mentor', 0, NULL, NULL, 0, '#c9c9ff', 'bird.png'),
	(38, 'shgnlwhd2', '노휘종', '$2a$10$80zTRQaYde1nfhZ4Dkww2O2jvIZIAWBvSjqvryxqFmMQiNzhjFZTW', 'mentor', 0, NULL, 'fZbFlCVxR40eEkX7sZlQuX:APA91bGQ6kug_NyrGac7txpoRH7LQ35ZijZ6QrTA4EJ7ZQbPGSvqdw29zTXoKe6w1fZjj9XowthcZJP_9x_9Hq-JfaSgWo2HvECUgiVCoNGKdOwmiBa6SrYzX0uhC_LbCFS3AmE6caFk', 0, '#c9c9ff', 'lion.png'),
	(39, 'sadfsadf', '청소년', '$2a$10$7ZqvYrDuixcXyxAI4ks8gOzQ2kLY91T4kK4yuXJMAsCxu3yaZ8MXy', 'mentee', 0, NULL, NULL, 0, '#ffbdbd', 'frog.png'),
	(40, 'mentor1234', '김멘토', '$2a$10$/6U.IXqD4N2FIHDt3Vs7oOXx1sMe/N2JLqS72qgc.cuFsF4zM.He6', 'mentor', 0, NULL, 'exsEljhRZNRkS_wu6xW-xH:APA91bEh11yx0jl3qUIRo62aYpe50-kRG71IRtNnJGkZ29q-zIrA1_AaLBYS6bkj3JPLuNzbRm5bxrHZXFPQJ3Mghbgdd7H4jod6TSW2XBQQ2PYVLW32xuMrjBRrkRU9RBaB0UgFrr9H', 0, '#ffbdbd', 'bear.png'),
	(41, 'ssafy313', '청소년', '$2a$10$DVW/QToydvZjJQYaKRC0/Od7PMVxJ9boUov4aApqrOsUspC3wZNA2', 'mentee', 0, NULL, NULL, 0, '#ffbdbd', 'koala.png'),
	(42, 'asdf123123', '임지민', '$2a$10$0KAIVsNlDsRRW212rneAceztB5Rqfvr9AX6LDOJZ.oy36E6YK5bjO', 'mentor', 0, NULL, NULL, 0, '#bae1ff', 'koala.png'),
	(43, 'aaas112123', 'aassd', '$2a$10$dGTgeavMQDiMIOD/sSBOp.crOe881Gz9G2j/B/HXMHFkZ/z9O4ETy', 'mentor', 0, NULL, NULL, 0, '#bae1ff', 'lion.png'),
	(44, 'aa1234', '임지민', '$2a$10$e5FslV2NYMeBqid7iC2uDuF6SnikAxp5DfE5vfrQ.EdiUa/e90oHS', 'mentor', 0, NULL, NULL, 0, '#dabbfe', 'koala.png'),
	(45, 'ss123dd', '임지민', '$2a$10$zDLazFFbZt9on/jPLrYYbO2DT.r1oDcJmIPNQEU/UC11hdgk5bUSW', 'mentor', 0, NULL, NULL, 0, '#bae1ff', 'frog.png'),
	(46, 'rlatkdeka', 'rlatkdeka', '$2a$10$hgAKQh2S5C0cMdXjUmp/uOiuFSxcX0AwjdB9O/jy887EtAu.Hr6gK', 'mentor', 0, NULL, NULL, 0, '#b6f9e1', 'bird.png'),
	(47, 'jimin1231', 'jiin', '$2a$10$L/WecxS36AhOQucl0rCJkeDT.BHs6g8na5C5sl1/GPt5clfrH3lDW', 'mentor', 0, NULL, NULL, 0, '#ece8dc', 'lion.png'),
	(48, 'last12', '지민', '$2a$10$yjNRDJ0oxX88aFoO2lxuI.RWeIIiGCWjtZcjm3zNu.WzeZkcgAQ3.', 'mentor', 0, NULL, NULL, 0, '#bae1ff', 'chicken.png'),
	(49, 'teacher1', '학생킬러', '$2a$10$Wm5BrWY7k2I6WeunhTLAkeG.Rr3mZ2E1hpYYdY5vWowK7wZviPbQC', 'mentor', 0, NULL, NULL, 0, '#e1f7d5', 'bird.png'),
	(50, 'asdf123', '가입왕', '$2a$10$hm9DiMTZMyxhj2b9v7RMnesUc9VcJ7F./oMKHC3COvlquRwOTHMJi', 'mentor', 0, NULL, NULL, 0, '#bae1ff', 'bear.png'),
	(51, 'mentor50', '멘토다', '$2a$10$O8efzD/tZnV61YUAXOD83.tMT2956QXeLDtmjHiETKqsNSpcC2pzO', 'mentor', 0, NULL, NULL, 0, '#b6f9e1', 'frog.png'),
	(52, '상담상담', '상담상담', '$2a$10$RoHvuKpiA2lLZ.fSuIiLm.hggCBUxk0GGe8I4dx6fUm1hO1EQs/Tq', 'mentee', 0, NULL, NULL, 0, '#c9c9ff', 'bear.png'),
	(53, 'test100', '김싸피', '$2a$10$3Todlquzh2wMGc9PX6HFq.OwKEhdgy5MzTknJZoZFJtR1zo53BaqS', 'mentee', 0, NULL, 'fZbFlCVxR40eEkX7sZlQuX:APA91bGQ6kug_NyrGac7txpoRH7LQ35ZijZ6QrTA4EJ7ZQbPGSvqdw29zTXoKe6w1fZjj9XowthcZJP_9x_9Hq-JfaSgWo2HvECUgiVCoNGKdOwmiBa6SrYzX0uhC_LbCFS3AmE6caFk', 0, '#ffbdbd', 'lion.png'),
	(54, 'hi@naver.com', '앙놀러와써', '$2a$10$u82aZV8zPyrg.un6x6qjW.G3ANBxqYLvpIlfESQiOKD8p3ROsKx5e', 'mentee', 0, NULL, NULL, 0, '#e1f7d5', 'koala.png'),
	(55, 'jjjjkkkk', 'jjjjkkkk', '$2a$10$UtkA7OMlPHsGtWvlGPKTk.l6IIUcytn/2NuAuIxVknnCU5v2Y9EiG', 'mentee', 0, NULL, 'dnU8zmbet12kKA0KvkClTU:APA91bENBKXcwYybY_twzETa-DbeDyrNM3kuhTlikSdF5qWraNM7URoMXdpW7w1BuytElChYtimPUIwTUtqQ9_pf_pZxdJdo8xgekd7a4L8e3shVdPWSm7SCd3pOA8sdMIbyCPdOZg7_', 0, '#bae1ff', 'lion.png'),
	(56, 'coach', 'coach', '$2a$10$agQtJEm6zg8P4t2ge1936.1qhLzS2m7KEgrpUzZ043RPXpN6uvBii', 'mentee', 0, NULL, 'eSFf-opRwYfNAXZqCJ6zCL:APA91bFiCHv6VmD1Vym-1KLnXOC_kqe5pKIVDuBblWz2Ozi18TLau-_9NM55g1Z6YgPwdJe1n4c2mz_MbYT81TsLFe-PudvA21Hz2hOQEiX7BwuixkhUELs_i-osIXx8igNPGOMkLOnt', 0, '#dabbfe', 'chicken.png'),
	(57, 'ssafyssafy', '싸피싸피', '$2a$10$QlLuFPcM1qsJK0/WB2z73uAacDFJvusgZcWJ1yUK.6GUutvisAQgO', 'mentee', 0, NULL, 'fbMveHl8xaEjoxL5zEOR4d:APA91bEmTEU0HPdO0_qNEw7OLVoPkA4ccnKj_vFStJ5RXHg-IasmsfoI9xBYo0BgBt3hzooAI_3rnerLc7ZxU3kTPo57Ei1Kok1ivVgfiRHxkYv4bH3plK5oVpjtkW8AEHJSfiZ6sYz5', 0, '#bae1ff', 'frog.png'),
	(58, 'ssafy_master', 'ssafy_master', '$2a$10$dAqSA2PPcnYISUv0M2uQu.BMB9e23Pb7zVI3CHFDDtjTeR8dJSQUS', 'mentee', 0, NULL, NULL, 0, '#bae1ff', 'bear.png'),
	(59, 'youngnam1234', '싸피생', '$2a$10$f.tfaeEEBTvMR9odfoUPg.EYn8pLy5W9Ukj/FftBY/f57pDJ3Tm2C', 'mentee', 0, NULL, 'fbMveHl8xaEjoxL5zEOR4d:APA91bEmTEU0HPdO0_qNEw7OLVoPkA4ccnKj_vFStJ5RXHg-IasmsfoI9xBYo0BgBt3hzooAI_3rnerLc7ZxU3kTPo57Ei1Kok1ivVgfiRHxkYv4bH3plK5oVpjtkW8AEHJSfiZ6sYz5', 0, '#e1f7d5', 'bird.png'),
	(60, 'ssafy132', '김상담사', '$2a$10$FMjChJj/NNa8Arzijv0vzO/eo95/CE22a3kjSlHHgirfpUWZ2QcG6', 'mentor', 0, NULL, NULL, 0, '#e1f7d5', 'lion.png'),
	(61, 'ssafy142', '김상담사', '$2a$10$RgyMeCYUEddA7Xw2oyoRze66pxKe140Q3ds8rnlU07mJiLMkpgjyW', 'mentor', 0, NULL, NULL, 0, '#bae1ff', 'dog.png'),
	(62, 'dudska1234', '혜서', '$2a$10$NpbH0duCTATjZQbziwVF5eSCCHilYcUZHeVNhrvN.USnIc1DpzACq', 'mentee', 0, NULL, NULL, 0, '#dabbfe', 'bear.png'),
	(63, 'amazon202', '구글러', '$2a$10$l7RbPBF6Tfe36N7r0hvfAuvSDWmOsH4f88Ra4fdpcEOL9IZtbJCU.', 'mentee', 0, NULL, 'exsEljhRZNRkS_wu6xW-xH:APA91bFI8jvERWmBMSoYyNaxLlhbloXRzESxupagS7ZprgX-zTL8CuLFOUH3NKBgC1CCss1YwDDusNIFBd5UMiIVtKW2H1zcCRgDb5DGCvraLeTKeZRmJfkXliBRypU8y6t0VP2AI_Kg', 0, '#b6f9e1', 'chicken.png'),
	(64, 'mentor9999', '김수월', '$2a$10$elRlG.4/sFj7c6pdMoa1FunWiV8xDcDtSLEzvhFFqpBGUd5pxkdci', 'mentor', 0, NULL, 'exsEljhRZNRkS_wu6xW-xH:APA91bFI8jvERWmBMSoYyNaxLlhbloXRzESxupagS7ZprgX-zTL8CuLFOUH3NKBgC1CCss1YwDDusNIFBd5UMiIVtKW2H1zcCRgDb5DGCvraLeTKeZRmJfkXliBRypU8y6t0VP2AI_Kg', 1, '#bae1ff', 'lion.png'),
	(65, 'asdflkj', 'asdfljk', '$2a$10$dxtuSn0IMjzZ5Hvh76HaKupkbLv60CpOzyaMgWq/71iO2/TUBmwbq', 'mentee', 0, NULL, 'eVdbH_OBiHsdUcenwLa-eN:APA91bEXz4ZCz8Olrnm8YYva0TjYA6o_T84fX0h-H9R7Hy2NCUPSC8gAjIBqTgQIdlTwKgDAiGgvlWX2oI2FqONSZg52yFwAxfNozFtBA1FSTUD8No-C8zL6C4bfo6vM35trnaP9KDwo', 0, '#b6f9e1', 'dog.png'),
	(66, 'gigjf', '싸피천재', '$2a$10$Ump842Ta06slIwMA6qO5her5wz8mhgTnxhIomcLZ6YndwMw2OhRqa', 'mentee', 0, NULL, 'fbMveHl8xaEjoxL5zEOR4d:APA91bEmTEU0HPdO0_qNEw7OLVoPkA4ccnKj_vFStJ5RXHg-IasmsfoI9xBYo0BgBt3hzooAI_3rnerLc7ZxU3kTPo57Ei1Kok1ivVgfiRHxkYv4bH3plK5oVpjtkW8AEHJSfiZ6sYz5', 0, '#ece8dc', 'frog.png'),
	(67, 'ㅁㅁㅁㅁ', 'aaaa', '$2a$10$a5GoOt0VTitiyIQutUGyousU/J5cq8JKG9u5AsNzQ5PVemO.XiHra', 'mentee', 0, NULL, NULL, 0, '#c9c9ff', 'lion.png'),
	(68, 'ㅅㄷㅅㄷ', 'ㅅㄷㅅㄷ', '$2a$10$KD7P1AtxV0kNztwSZ9bumOFOVqcdk1nRogCS6cj9TIfllIpTaH0Re', 'mentee', 0, NULL, NULL, 0, '#ece8dc', 'bird.png'),
	(69, 'tete', 'tete', '$2a$10$AgefG0Nq2vyko6JXgFwCpOOyh9bPnYcgB4oMfOqo9OSdA0RDigJGu', 'mentee', 0, NULL, NULL, 0, '#ece8dc', 'koala.png'),
	(70, 'wow', 'wow', '$2a$10$cqnRW8WcNoFdxYLLj9h1/eAD73BbWfYROtBxXeri5SUr0neQKTLd6', 'mentee', 0, NULL, NULL, 0, '#ffbdbd', 'frog.png'),
	(71, 'test', 'hi', '$2a$10$OCVb/44Dpr9Ztyn5gAPj1.5EG8SiHgGn5hH4tVAfKr2iUW107iRg2', 'mentee', 0, NULL, 'dK7FxQCsg0Eqc10AYNZFf_:APA91bHWJvFdxPcT4H8BNCR8uSSqm3FrY17LN7e841cQzJM9D3Boo7_v8RdT-VzA5dZYVi24SDfS9wGkXP88eihHiQx8uwPNFcxaZYwO8RRwVKdhVHBFoWeqWSpJZTnNyI0taTkRHfqO', 0, '#b6f9e1', 'chicken.png'),
	(72, 'psc9316', '박수철짱짱맨', '$2a$10$LWyZkVe8L2qZru4gFsojj.phH8uPBfBdiSTfS1nKbAgptTnHro3mO', 'mentee', 0, NULL, 'dtpA4aPVYTJzcvWhrRihe6:APA91bGil4_dZ6zsGG9O2x2HdQLMhyzmrmRNC37GztFaHGgFfLO9htfju7Xn9rUdDOKnIhEtcWWVajfI5ohlblZ1sVDEl3Pume8K1_jxkFVovRkTvNPxMvlq5c66b-kGOC4hAYlEnmYc', 0, '#b6f9e1', 'lion.png'),
	(73, 'qwe123', 'qwe123', '$2a$10$qEMRW6Z4bvhX/aoNrkZ/ueuYIAucx5QN.c.PmbguopGG.HeLNamvy', 'mentee', 0, NULL, 'ddr4oFW6Rnbx8Cl0F9UZ4p:APA91bEA4NzPVmJQJLkDTVYxuoEhHxcbvx963r7cEb2jLB1XuutWN4MrZzniHaPG8Kzx7IOCnWB97POY3pDKaxifP-d85KdN8gec6svKEnKV_fk69AqVWUTXwxwPyYJbr6U0lSv-nBB8', 0, '#dabbfe', 'chicken.png'),
	(74, 'kjaeho601', '호우', '$2a$10$aqIKf8Urru76RexohxkzYuk56UIG38TL8aXwtoKfpWL4EOVaiztQi', 'mentee', 0, NULL, NULL, 0, '#ffbdbd', 'bear.png'),
	(75, 'helloworld', '헬로월드', '$2a$10$7f4glMClPnmA/471Tgpwne0pGFtwCxyCAwKVHggI6hXJb/tR0/78q', 'mentee', 0, NULL, NULL, 0, '#bae1ff', 'koala.png'),
	(76, 'mine0117', '동현', '$2a$10$ezPl7MOUx/LPysWy81ltMOM8cbPpN6ynRXeSTe2ZAGeIz/thdUuTW', 'mentee', 0, NULL, 'ec00RyOa_sS7aIM7vjD32S:APA91bGP2YMeHEPZRk32kWM2qhvtqELUp_sVwFu7XExYDx_kc4oc267888PqSBn68fVle5z99nrzhaKvSEv9y1IIMc0NOAn_hzWGem_GCJ5Sz6vMHCG6S5jk3PsXkj1dtxW6xkKmZeft', 0, '#c9c9ff', 'bear.png'),
	(77, 'rbrbslsl0000', 'rbrb', '$2a$10$mnlljw.k.fF9fB3ZvbjJ0OGRUN2QyUgXYood1IsZ2ucae.l5eNiV6', 'mentee', 0, NULL, NULL, 0, '#b6f9e1', 'dog.png'),
	(78, 'haha00', 'haha', '$2a$10$vV3zj7aOa70EJgmXTEyB/elc7SD5acToAjOnxkMuVTM0UPwsdaAiO', 'mentee', 0, NULL, NULL, 0, '#e1f7d5', 'dog.png'),
	(79, 'test22', '광주에서온test', '$2a$10$7axIOX1UmJbA6sfJ1Zw8U.3duzDEs0ptq2Cx.Tu5fU7QOiOCawZBG', 'mentee', 0, NULL, NULL, 0, '#dabbfe', 'koala.png'),
	(80, 'test1234', 'rlaTkvl', '$2a$10$290RiPd7QW1y/ajGSt90NOu553Xus7sJWp4fw3ydDY98sAHfVxYny', 'mentee', 0, NULL, 'dnU8zmbet12kKA0KvkClTU:APA91bENBKXcwYybY_twzETa-DbeDyrNM3kuhTlikSdF5qWraNM7URoMXdpW7w1BuytElChYtimPUIwTUtqQ9_pf_pZxdJdo8xgekd7a4L8e3shVdPWSm7SCd3pOA8sdMIbyCPdOZg7_', 0, '#dabbfe', 'koala.png'),
	(81, 'asdf', 'ddfwwdd', '$2a$10$fId7Xz6tIzWovzd8Ege8R.ZOWloQ6wkga5nDq1JOzFYndoVHZSe1C', 'mentee', 0, NULL, NULL, 0, '#b6f9e1', 'chicken.png'),
	(82, 'aa', 'aa', '$2a$10$g5MqutUxH/sSVSxSDdROpeLK6fr2mVlOWMnVXAImJtIsKV4bGj.72', 'mentee', 0, NULL, NULL, 0, '#c9c9ff', 'koala.png'),
	(83, 'test1', '테스트트', '$2a$10$W.6rg9AxbwK66vasEWA4uebz5I/zdJfX04R5kaB8bx0G5NEPmQ7y6', 'mentee', 0, NULL, NULL, 0, '#ffbdbd', 'bird.png'),
	(84, 'nojam', '노잼', '$2a$10$cxiDqOkeiwYukymLx28Rq.8LC1wzWUYxw/lJ6EuFHLuPlYYXAmJeu', 'mentee', 0, NULL, 'fIhJ3PTqgO8MRMh-0-K-Sv:APA91bECL2jgtRJPIsSmNQ-yhagDiAUxMWqVYQTB_KK0-96zBqfmo4v8Yxo0Ukcv0JVDdeOnjra-6MErgka0TC1ey6nN3XZGJzjlOAwAOFL5Gu8e1U193trS-w2n3Tm1qMRq8y6BtPh7', 0, '#dabbfe', 'bird.png');
/*!40000 ALTER TABLE `users` ENABLE KEYS */;

-- 테이블 HearIAm.user_roles 구조 내보내기
CREATE TABLE IF NOT EXISTS `user_roles` (
  `user_num` bigint(20) NOT NULL,
  `role_num` bigint(20) NOT NULL,
  PRIMARY KEY (`user_num`,`role_num`),
  KEY `fk_user_roles_role_num` (`role_num`),
  CONSTRAINT `fk_user_roles_role_num` FOREIGN KEY (`role_num`) REFERENCES `roles` (`num`),
  CONSTRAINT `fk_user_roles_user_num` FOREIGN KEY (`user_num`) REFERENCES `users` (`num`)
) ENGINE=InnoDB DEFAULT CHARSET=utf8;

-- 테이블 데이터 HearIAm.user_roles:~82 rows (대략적) 내보내기
/*!40000 ALTER TABLE `user_roles` DISABLE KEYS */;
INSERT IGNORE INTO `user_roles` (`user_num`, `role_num`) VALUES
	(1, 4),
	(2, 4),
	(3, 4),
	(4, 4),
	(5, 4),
	(6, 4),
	(7, 4),
	(8, 4),
	(9, 4),
	(10, 4),
	(13, 4),
	(14, 4),
	(15, 4),
	(16, 4),
	(17, 4),
	(18, 4),
	(19, 4),
	(20, 4),
	(21, 4),
	(22, 4),
	(23, 4),
	(24, 4),
	(25, 4),
	(26, 4),
	(27, 4),
	(28, 4),
	(29, 4),
	(30, 4),
	(31, 4),
	(32, 4),
	(33, 4),
	(34, 4),
	(35, 4),
	(36, 4),
	(37, 4),
	(38, 4),
	(39, 4),
	(40, 4),
	(41, 4),
	(42, 4),
	(43, 4),
	(44, 4),
	(45, 4),
	(46, 4),
	(47, 4),
	(48, 4),
	(49, 4),
	(50, 4),
	(51, 4),
	(52, 4),
	(53, 4),
	(54, 4),
	(55, 4),
	(56, 4),
	(57, 4),
	(58, 4),
	(59, 4),
	(60, 4),
	(61, 4),
	(62, 4),
	(63, 4),
	(64, 4),
	(65, 4),
	(66, 4),
	(67, 4),
	(68, 4),
	(69, 4),
	(70, 4),
	(71, 4),
	(72, 4),
	(73, 4),
	(74, 4),
	(75, 4),
	(76, 4),
	(77, 4),
	(78, 4),
	(79, 4),
	(80, 4),
	(81, 4),
	(82, 4),
	(83, 4),
	(84, 4);
/*!40000 ALTER TABLE `user_roles` ENABLE KEYS */;

/*!40101 SET SQL_MODE=IFNULL(@OLD_SQL_MODE, '') */;
/*!40014 SET FOREIGN_KEY_CHECKS=IF(@OLD_FOREIGN_KEY_CHECKS IS NULL, 1, @OLD_FOREIGN_KEY_CHECKS) */;
/*!40101 SET CHARACTER_SET_CLIENT=@OLD_CHARACTER_SET_CLIENT */;
